filename, BLACKPOD, FROSTYPOD, HEALTHY, MIRID
00011775_jpg.rf.00179513e4ba077dfa7b541a22b036b3.jpg, 1, 1, 0, 0
11089_jpg.rf.000efa197f739d1989eb660a49e8c160.jpg, 1, 0, 0, 0
00011762_jpg.rf.004072f060edf137aa914c9306805040.jpg, 1, 0, 0, 0
197_jpg.rf.005f0a654ef0029c9fccf9b5a1cda544.jpg, 0, 0, 1, 0
00011625_jpg.rf.00b060dbe16c28ac7f65e7dcf0463d2a.jpg, 0, 0, 1, 0
00011955_jpg.rf.00c53c1d1bb515462c0557f9d193145b.jpg, 0, 0, 0, 1
00011883_jpg.rf.00a4a2843e046f2cf66d675b5897b42a.jpg, 0, 0, 0, 1
1277_jpg.rf.00b6207e84135f6af8e78f54f041e5ac.jpg, 0, 0, 1, 0
11521_jpg.rf.00d69496bccf755522aec5b508e8a6b7.jpg, 1, 0, 0, 0
00011936_jpg.rf.00f9b9726f01d091c4c4cfb222dc0b2b.jpg, 0, 0, 1, 0
0001395_jpg.rf.00caef1142dc00959c3a6a75c2566886.jpg, 1, 0, 0, 0
11481_jpg.rf.00f2377cefed2602246fb0bc50feec90.jpg, 0, 0, 1, 0
11677_jpg.rf.0108b50fc2d1f02677e29c0120057f81.jpg, 0, 0, 1, 0
0001449_jpg.rf.016dbfab6c5aebb1c5687f43398023bd.jpg, 0, 0, 1, 0
11070_jpg.rf.01a65cc84fa6dd9d2ac14256317d845e.jpg, 0, 0, 0, 1
00011692_jpg.rf.011b6e26481722b3e4d1b5502a35a02d.jpg, 1, 0, 1, 0
0001429_jpg.rf.01bd5b04174f15e7fdbc0649f56bf348.jpg, 1, 0, 0, 0
00011271_jpg.rf.01afbe97276be147a72ae887472b82ac.jpg, 0, 0, 1, 0
1939_jpg.rf.022bcc37d564fd89f807aa60bc79d49b.jpg, 1, 0, 0, 0
0001173_jpg.rf.02496a4b8280b3b7b680d72aeb471251.jpg, 1, 1, 0, 1
1147_jpg.rf.02a2a616ed902f78fbe56850bbdaae00.jpg, 0, 1, 0, 0
0001657_jpg.rf.029f270196ddb7007d33830aa9621d4b.jpg, 0, 0, 0, 1
0001891_jpg.rf.02dbba47301cbc06e030cde6dbcefc5c.jpg, 1, 0, 0, 0
0001209_jpg.rf.02f1e0250e9b5ce0290e0bf1561ed829.jpg, 0, 1, 0, 1
0001177_jpg.rf.03036990e725e7da1028ab02a03c36ad.jpg, 0, 1, 0, 0
1415_jpg.rf.032541ebf2d698ef5ab26697cd8ba39d.jpg, 0, 0, 0, 1
00011844_jpg.rf.03021153af8d54f7ce49ccedab8caecd.jpg, 0, 0, 1, 0
1910_jpg.rf.035e7ede192ebcec853cdf8c73158d50.jpg, 0, 0, 0, 1
0001898_jpg.rf.04153f2a502ab5ef59215acf8d80cca7.jpg, 1, 0, 0, 0
00011317_jpg.rf.03b8d095bcc0250e91c41360b5ad58a5.jpg, 0, 0, 1, 0
00011004_jpg.rf.03721ec98c090953e9146b01faa9c1a3.jpg, 0, 0, 1, 0
0001784_jpg.rf.041c39a908267b6e45890c0148878da7.jpg, 1, 0, 0, 0
00011141_jpg.rf.041c94106455c24944f4419480b4242f.jpg, 0, 1, 0, 0
00011948_jpg.rf.0443146a80c0a263cd620e88b142027a.jpg, 0, 0, 1, 0
00011419_jpg.rf.042b39c3b3c1ac7aa3f605cb88597d4f.jpg, 0, 0, 0, 1
193_jpg.rf.049535c31b62a6dee277384c0a19b370.jpg, 0, 0, 0, 1
0001246_jpg.rf.04d97dedc8b01e6c2d056d665a18d49a.jpg, 0, 1, 0, 0
0001631_jpg.rf.04adc6ae8470a02e199ed0028672d4d8.jpg, 0, 0, 1, 0
000122_jpg.rf.04bf64b1b1c5357143126665940080c3.jpg, 1, 0, 0, 0
00011251_jpg.rf.0498604f4abc67b3150f4311d46cc124.jpg, 1, 0, 0, 0
00011405_jpg.rf.04f406014bd5111465c319a72e26b88a.jpg, 0, 1, 0, 0
00011658_jpg.rf.050ad645b5fc0f7ffe7ab79dd66dc5be.jpg, 1, 0, 0, 1
00011036_jpg.rf.04de699ed81670dccadce94862ddf7ee.jpg, 1, 0, 1, 0
11510_jpg.rf.050834b59839494a9f913bfb64e9fb77.jpg, 0, 0, 1, 0
000151_jpg.rf.051df6e37dda5b1c9ba48e766dc06c41.jpg, 0, 0, 1, 0
1998_jpg.rf.05180dde068932fcdd00875710b6ee33.jpg, 0, 0, 0, 1
00011586_jpg.rf.059697ba720eda19087e74b9605bf841.jpg, 1, 0, 0, 0
0001761_jpg.rf.053fc29e684b28cfd5484b99c89943a2.jpg, 0, 0, 0, 1
160_jpg.rf.05ae87cfe2ff8490ac526dbc3f4ae7bb.jpg, 1, 0, 1, 0
00011264_jpg.rf.05cb703e3cbd58f0bd423c544ab05fa6.jpg, 0, 0, 1, 0
11654_jpg.rf.05d6edad192bcfefa87bdb9b69814375.jpg, 0, 0, 1, 0
11268_jpg.rf.0609f1ed2a7ffa0f74cd48157a46ea11.jpg, 0, 0, 0, 1
00011089_jpg.rf.067e29c054cc1172550d24cea4bbb6fa.jpg, 0, 0, 1, 0
00011867_jpg.rf.06819f0839dc79e6e1e0dc0c90adaf4d.jpg, 0, 0, 0, 1
00011724_jpg.rf.060fea9ae09fdc6aac10798155fe82c4.jpg, 1, 0, 0, 0
1373_jpg.rf.065b1f43671f0b9c9ced1f33597d6807.jpg, 0, 0, 1, 0
0001544_jpg.rf.07184a8a4a1deb01096808d55cc3ffca.jpg, 0, 0, 0, 1
000115_jpg.rf.06e1715b855ea15b8580926a121b52bb.jpg, 0, 0, 0, 1
000141_jpg.rf.06ef356e41bc6db4260b0bb260e5abf5.jpg, 0, 0, 1, 0
0001917_jpg.rf.074faf6c6988b13477170a9e15e73019.jpg, 0, 0, 1, 0
11514_jpg.rf.078a5f4b3cf1fbcfed3e4cc4b079706a.jpg, 1, 0, 0, 0
0001127_jpg.rf.91a306861dbd2235d39e55a928906991.jpg, 1, 0, 0, 0
11858_jpg.rf.92443087942c1aecc48643ffbab26fa6.jpg, 0, 0, 1, 0
0001717_jpg.rf.8fadad739dc3d3eeb312adacb4a341d5.jpg, 0, 0, 1, 0
11205_jpg.rf.8f82214c6a0695d1141dbe4c15ec5895.jpg, 0, 1, 0, 0
11938_jpg.rf.912c016f36bcd968389e4529d72077db.jpg, 1, 0, 0, 0
11197_jpg.rf.8f782591001c2d4a83b5314f40f336ac.jpg, 0, 1, 0, 0
1171_jpg.rf.904531ecc3de0052df39e3f9ec4af599.jpg, 1, 0, 0, 0
0001844_jpg.rf.912d14f6fa9103ef3a05240e9c17feeb.jpg, 0, 0, 0, 1
11352_jpg.rf.91811be38aa13a74892a43f7456652db.jpg, 0, 0, 1, 1
11155_jpg.rf.91df03c8c6e1f5195e17eb80ba93230a.jpg, 1, 1, 0, 0
11316_jpg.rf.918b416aa32d88a333c0ccd3c7b6e163.jpg, 0, 0, 0, 1
00011199_jpg.rf.90da2c9bc342764d4be4bd411537f09d.jpg, 0, 0, 1, 1
0001114_jpg.rf.923d0815baccbb915c10ef329a366468.jpg, 0, 0, 1, 0
0001994_jpg.rf.9252c4a3acd270ba8aa33d9bb1b06eb5.jpg, 0, 0, 0, 1
0001577_jpg.rf.910fa4b9921fe650d344c903578a16ab.jpg, 1, 0, 0, 0
0001317_jpg.rf.900bfbf97ff51ecaa7ec149b92b87121.jpg, 1, 0, 0, 0
11617_jpg.rf.91e420cebdbf4f70a4de163aa447a91b.jpg, 0, 0, 0, 1
1730_jpg.rf.91a9a5924e58202018e8ee25b4a5e61b.jpg, 0, 0, 1, 0
0001180_jpg.rf.922d09088cd0935587ae7e4124816c5e.jpg, 0, 0, 0, 1
0001229_jpg.rf.90c1e64528f04fd59a9b3ab56fda3d07.jpg, 0, 1, 0, 0
1157_jpg.rf.8f2415f18906979ba12d3eff0e37d75a.jpg, 0, 0, 0, 1
11001_jpg.rf.9279def1dc54f14580ed6e781e40de30.jpg, 0, 0, 1, 0
0001360_jpg.rf.8fee3dd9e6653863aa5802dbb5865b27.jpg, 0, 0, 0, 1
00011298_jpg.rf.926df1e0455868352128781cc31d6ee5.jpg, 1, 0, 0, 0
00011569_jpg.rf.92be33a72d8029b7db2e45c23dc3f20d.jpg, 1, 0, 1, 0
1510_jpg.rf.8fb15c229a01c14715b45bb84136d943.jpg, 0, 0, 0, 1
11375_jpg.rf.92dfc3ca3bf31769e0c1eb6ab55834b9.jpg, 1, 0, 0, 0
11368_jpg.rf.91a857734e4bef82c884f92188813946.jpg, 1, 0, 0, 0
00011604_jpg.rf.921eae952a3fad487028a64f4e0a28cd.jpg, 0, 0, 0, 1
11268_jpg.rf.92f6902d5285938c01e258f495ee2f74.jpg, 0, 0, 0, 1
00011601_jpg.rf.9310f1945762c8b93b1bc658691f94a5.jpg, 0, 1, 0, 0
00011091_jpg.rf.92e0e29dc4d07edcc587ca4c84cbe23d.jpg, 0, 0, 1, 0
1874_jpg.rf.932ce08cbd16454ec87f4e3ac058d23f.jpg, 0, 0, 0, 1
00011683_jpg.rf.933f73abab346adcf55b68672801a176.jpg, 0, 0, 1, 0
0001711_jpg.rf.938707f29040f10ca6d66a82ebab0d1a.jpg, 1, 0, 0, 0
0001284_jpg.rf.934299d90531938492a73f65b7193238.jpg, 0, 0, 0, 1
00011863_jpg.rf.937377575bd6189f077ef5dec7e680ad.jpg, 1, 0, 1, 0
110_jpg.rf.938cc02421b708443667d72e4177ca5c.jpg, 0, 0, 1, 0
11692_jpg.rf.93926e480f72ffe119873791af7a49ab.jpg, 0, 0, 0, 1
11242_jpg.rf.939bede8a1f7e28d8351aa246b55005c.jpg, 0, 0, 0, 1
00011582_jpg.rf.93ab404c3fd5e4d1820c2bd92b6e7cf7.jpg, 1, 0, 0, 0
1987_jpg.rf.93f8e31713aac7a166ffdec94273bfbf.jpg, 0, 0, 0, 1
00011946_jpg.rf.93d87b3d6d73ab0c1719ed7695df4465.jpg, 0, 1, 0, 0
00011826_jpg.rf.940dc4e3a43a5eb8bdfae678de54bf14.jpg, 0, 0, 0, 1
1784_jpg.rf.93ff26ccfb5d2045c373b49ae781c34a.jpg, 0, 0, 0, 1
11328_jpg.rf.9467ba191fd7468e282ce7e38adc6a4d.jpg, 1, 0, 0, 0
00011098_jpg.rf.945ae91c9ed621c3734fad08bf1442c7.jpg, 0, 0, 1, 0
00011524_jpg.rf.9459cad23d2dcb055d3ea7747fab5215.jpg, 1, 0, 0, 0
00011651_jpg.rf.94737e16fb4f20c3d79f82075a2b9cc3.jpg, 1, 0, 0, 0
0001550_jpg.rf.947e47b4972ccbf4f2985100e491c46d.jpg, 0, 0, 0, 1
00011867_jpg.rf.948af7ea3642661b156fc150be59f9ea.jpg, 0, 0, 0, 1
11096_jpg.rf.9497444afbd5bff9cb5a9a4763b360ad.jpg, 0, 0, 1, 0
11092_jpg.rf.94b9beef7585239a32de9254a63b3a9b.jpg, 0, 0, 1, 0
11227_jpg.rf.9542e82deac9bedbdfcc5f294f1be976.jpg, 0, 0, 0, 1
00011520_jpg.rf.94d1ae1edfcebf5ee0d9e1f1dfcb5b88.jpg, 0, 0, 1, 0
000156_jpg.rf.950b6f655afbf44417ac704cba246854.jpg, 0, 0, 1, 0
00011468_jpg.rf.95ac74d551c4323db1e3d7f1ceda3a8d.jpg, 0, 0, 1, 0
00011173_jpg.rf.962d0e1b8234dd3e382f213108701fa0.jpg, 0, 0, 0, 1
0001272_jpg.rf.9582e073fda04d91d1be7e98cfbe0673.jpg, 0, 0, 0, 1
1615_jpg.rf.9630c1e550b29e2d47f87f9c1120991d.jpg, 1, 0, 0, 0
0001204_jpg.rf.966baad14938e8922cbb6a0fdb727dcd.jpg, 1, 0, 0, 0
1937_jpg.rf.96723b58a7480a79b44c16cbe92f514b.jpg, 1, 0, 0, 0
11072_jpg.rf.96a3d4ecdfb9f04701d691a73125aa52.jpg, 1, 0, 0, 0
0001510_jpg.rf.96d07ab12f98dfe96c8a6fa9f813770c.jpg, 0, 0, 1, 0
0001485_jpg.rf.96d3cc4d442cfe4e3b2d74144e16973b.jpg, 0, 0, 0, 1
0001367_jpg.rf.96c51a07039917ea5906b879be0c8412.jpg, 1, 0, 0, 0
0001868_jpg.rf.96e26f96bf926cf5b2d85a8f1352f81f.jpg, 0, 0, 0, 1
00011943_jpg.rf.96ce8d83abf02a9ff1150dfd467ad485.jpg, 0, 0, 1, 0
11414_jpg.rf.9759a6fb86e971dc19f3e4cfab26fe71.jpg, 0, 0, 0, 1
0001381_jpg.rf.97688de4caf7e19e289df28b7432f4fb.jpg, 0, 0, 0, 1
00011951_jpg.rf.9788bccd67a488222a862657e0a3b38f.jpg, 0, 0, 0, 1
0001921_jpg.rf.9794fd08ddcadcfc321a97ea96e56569.jpg, 1, 0, 0, 0
00011623_jpg.rf.97f1632ecf204b799d9bfd8d656ac8a5.jpg, 0, 0, 0, 1
0001453_jpg.rf.983c8f9c76ab853f6d19c014b51c41e8.jpg, 1, 1, 0, 0
00011286_jpg.rf.98bf454871ddd47ed303434a6b91d2a6.jpg, 1, 0, 0, 0
1623_jpg.rf.9859ec0372a6dbc71d3015505c1e6512.jpg, 0, 0, 1, 0
11057_jpg.rf.98c7b667cb85e06bb28296639bc21c41.jpg, 0, 1, 0, 0
0001598_jpg.rf.98c252d87ffe009a7baca4e0b8b315d1.jpg, 0, 0, 0, 1
11608_jpg.rf.98cbe1d4f6cdbd60dd1fac60eb0b0f63.jpg, 0, 0, 1, 0
00011201_jpg.rf.96c152172362d0a476b183947acb8951.jpg, 1, 0, 0, 0
0001854_jpg.rf.9916d79f043ad49acc371391d1f16ca1.jpg, 1, 0, 0, 0
0001461_jpg.rf.97655dd99c4e97746a99cd9357777c09.jpg, 0, 0, 0, 1
0001774_jpg.rf.99378fd2225b101d5244a1423ad8585b.jpg, 0, 0, 1, 0
00011704_jpg.rf.991df504207905e2cb622f32605393cf.jpg, 1, 0, 0, 0
00011870_jpg.rf.991e25fbfb35acc5afce926cba295da8.jpg, 0, 0, 1, 0
1697_jpg.rf.9a1fd1c78b398edaf4eb57212024fe5a.jpg, 0, 0, 0, 1
00011238_jpg.rf.999e5bf3d50a23e7b7baa1b8d14276f5.jpg, 1, 0, 0, 0
0001786_jpg.rf.9a4cc395bf4d0845d2cf1ca81f8dbcc7.jpg, 0, 0, 0, 1
00011413_jpg.rf.9a67346ba1c135c0792091881bac6b24.jpg, 0, 0, 1, 0
11552_jpg.rf.9abbad2daddb88acc3ddae6f5d45c7c3.jpg, 0, 0, 0, 1
0001895_jpg.rf.9aaa264797cadb15292a7e40c3c22aeb.jpg, 0, 0, 1, 0
00011660_jpg.rf.9a828e3020883be5c3fcbc2cb3a982e4.jpg, 1, 0, 0, 0
0001736_jpg.rf.9ab7968b00b5cbd7b09fafee97ad4e9b.jpg, 0, 0, 0, 1
0001742_jpg.rf.9adf3006f83fd65e2e83be05007de525.jpg, 0, 0, 1, 0
1899_jpg.rf.9af543391a414420769bc98372692aeb.jpg, 0, 0, 1, 0
0001707_jpg.rf.9acba001e770479851ebfd72ad2d3dc6.jpg, 0, 0, 1, 0
0001136_jpg.rf.9afedfa2067fc56669307a62a5b59d02.jpg, 0, 0, 1, 0
0001298_jpg.rf.9b0e99f95ecd1548f5bdd5fa8a128714.jpg, 0, 0, 0, 1
00011876_jpg.rf.9b14446961ff90d821feb33f9ab452b8.jpg, 0, 0, 0, 1
00011399_jpg.rf.9b5c8735df7469326273b492c383b202.jpg, 0, 0, 0, 1
0001247_jpg.rf.9b792ac373f751840b9feac0bb61c196.jpg, 1, 0, 0, 0
0001357_jpg.rf.9bb4d5ebee84981550ee8f7485924802.jpg, 0, 0, 0, 1
11816_jpg.rf.9b8b2caf26be3f8592a91eb6d3d32dde.jpg, 1, 0, 0, 0
1634_jpg.rf.9b8b80d0cbbf95952ba89109a537bf3a.jpg, 0, 0, 1, 0
00011941_jpg.rf.9bfd21431f2e82504208f7e8b4ad18d6.jpg, 0, 0, 1, 0
1956_jpg.rf.9c235e8ae2bee5b30d9fbe5985b63fd9.jpg, 1, 0, 0, 0
1584_jpg.rf.9c38d5b8a31d395055a4a882be88e392.jpg, 0, 0, 1, 0
0001500_jpg.rf.9c6797f86e5a2f6d56b8dee4ecee34ee.jpg, 0, 0, 1, 0
0001893_jpg.rf.9c487c755be0db5dce5d2456e86df800.jpg, 0, 0, 0, 1
000156_jpg.rf.9cbe4d18fda59de5e8a6156e2e69019c.jpg, 0, 0, 1, 0
00011823_jpg.rf.9ce7187ba01d45a36dba939d2303d144.jpg, 0, 1, 0, 0
0001717_jpg.rf.9cb94c5d11ef3e9235c48bbcff23d765.jpg, 0, 0, 1, 0
1885_jpg.rf.9ccc70ae6cc5fc752f1e731c8bdfe038.jpg, 0, 0, 0, 1
00011798_jpg.rf.9ce99eba8bf25334dfda5794f5706fc5.jpg, 0, 0, 1, 1
00011951_jpg.rf.9ce99bfc08490b631ceaacc1a7e5dbd3.jpg, 0, 0, 0, 1
0001766_jpg.rf.9d06d298d3723102f681d3a3ee5e4cef.jpg, 1, 0, 0, 0
11573_jpg.rf.9cec8304fc9fdfa97766a684a938663b.jpg, 1, 0, 0, 0
00011567_jpg.rf.9d1172ac72406ad4bc8c11e78409b5a3.jpg, 1, 0, 0, 0
00014_jpg.rf.9d2e4f0b13e1904acd2740826c97a84e.jpg, 1, 0, 1, 0
11081_jpg.rf.9d3936068b148fda942a78d57a115501.jpg, 1, 0, 0, 1
11388_jpg.rf.9d15da2d6efaa431dbf72069e6556aca.jpg, 0, 0, 0, 1
0001520_jpg.rf.9d57cf1e833f5b5d0ac7fe3c2807c7c4.jpg, 0, 0, 1, 0
00011062_jpg.rf.9de6623083f09dbd67819cfedebbdb21.jpg, 0, 0, 1, 0
11219_jpg.rf.9d74e69253a898e8aa3ec56a498c5c06.jpg, 0, 1, 0, 0
000146_jpg.rf.9d5fb7956c189760452c9d7e1d47e7b6.jpg, 1, 0, 0, 0
00011231_jpg.rf.9df8b6e329883fa23ab79630cf4fab4b.jpg, 1, 0, 0, 0
0001389_jpg.rf.9dfd9a216c9377e40af6fe4d3c3095ab.jpg, 1, 0, 0, 0
11030_jpg.rf.9e06f8db3b8b2ebbac45964894371646.jpg, 0, 0, 0, 1
0001428_jpg.rf.9e0e92d3bcb3e3e919d3fe9df925b63b.jpg, 0, 0, 0, 1
11013_jpg.rf.9e35f1f1e17aad0e24f7bc8ef4bcf649.jpg, 0, 1, 0, 0
00011327_jpg.rf.9ed56f6447238276563d390c93aed401.jpg, 1, 0, 0, 0
00011876_jpg.rf.9ee2cbff973151d7deb0a337cc35fa08.jpg, 0, 0, 0, 1
11956_jpg.rf.9f1262258187efb6bdaea43de94bbf2b.jpg, 0, 0, 0, 1
0001473_jpg.rf.9f58fc40cfd2969eaf5ea95c85e91794.jpg, 0, 0, 0, 1
00011871_jpg.rf.9f5772554b848f53ef5295c1448e308f.jpg, 0, 0, 1, 0
0001216_jpg.rf.9f69f1643ce6bfdefd0dda3bdb25950f.jpg, 0, 1, 0, 0
0001498_jpg.rf.9f19f8d5b75db9c7ba18c8c263b25d7f.jpg, 0, 0, 0, 1
00011064_jpg.rf.9fc8b1cd7c8828d305dc164b1cd56aee.jpg, 1, 0, 0, 0
00011312_jpg.rf.9fa2ff06f294a183b1e59328515802c0.jpg, 1, 0, 0, 0
0001360_jpg.rf.9ff67a4167f841602872380d4018f1a2.jpg, 0, 0, 0, 1
11705_jpg.rf.9fd6d58039888d89abce139828a394c8.jpg, 0, 0, 0, 1
00011965_jpg.rf.a060305042ade7ddf56f1c9be9d90c56.jpg, 0, 0, 1, 0
0001173_jpg.rf.a04911b72ecac66465e4ab60d6f9212c.jpg, 1, 1, 0, 1
0001435_jpg.rf.a084176eedb07d59ffb4a8da07c7a5da.jpg, 0, 0, 0, 1
0001810_jpg.rf.a0739261282089effdf39752314311e2.jpg, 0, 0, 1, 0
11976_jpg.rf.a0cad058f35ec3f0d9604cdcfca313de.jpg, 1, 0, 0, 1
11849_jpg.rf.a09c2d3866f35ae3df99667a2feb25a7.jpg, 1, 0, 0, 0
0001550_jpg.rf.a109995d08b2fb49c0f54f1b589afb5b.jpg, 0, 0, 0, 1
00011858_jpg.rf.a0e366a86e1de600af13223a59de3603.jpg, 0, 0, 1, 0
00011064_jpg.rf.a120ce85c19b0109dcf37c23fde68dc6.jpg, 1, 0, 0, 0
000197_jpg.rf.a1a0e228c78a2dcbcab46ee530ae65bf.jpg, 0, 0, 1, 0
0001435_jpg.rf.a1a77543ee46bf3ea87f3da84a227acb.jpg, 0, 0, 1, 0
1754_jpg.rf.a1a70c571a26244cb53d2d306ecd0129.jpg, 0, 0, 0, 1
000185_jpg.rf.a269d14489af6ede09fbb8abffe05700.jpg, 1, 0, 0, 0
00011157_jpg.rf.a211888e1f14b210cbb993ca6896891c.jpg, 0, 0, 1, 0
00011072_jpg.rf.a254090cacba79d90e571e5973ec2b09.jpg, 1, 0, 0, 0
00011264_jpg.rf.a2733d807a49ab3df129c56aa34fe0f7.jpg, 0, 0, 1, 0
0001574_jpg.rf.a291cae4ee235dc628124aad1acfd646.jpg, 1, 0, 0, 0
0001789_jpg.rf.a2a37643b568f85edcd936c83c1c8d50.jpg, 1, 0, 0, 1
0001122_jpg.rf.a2daefe8da60ff256f5f40811b994900.jpg, 0, 0, 1, 1
0001552_jpg.rf.a2b707df50e74f750e243655b5b9cb03.jpg, 0, 0, 0, 1
00011163_jpg.rf.a3416bb83e99d097c9471aab4eed6f33.jpg, 0, 0, 1, 0
000153_jpg.rf.a336ffce4238dafba1cbd6550220f0df.jpg, 0, 0, 0, 1
0001602_jpg.rf.a37d86c35c4cde4a562e168d3c296f7e.jpg, 1, 0, 0, 0
11299_jpg.rf.a35b2f236c22427cb34d907c3fd5dcd7.jpg, 1, 0, 0, 1
00011478_jpg.rf.a39a485d37524ae7b59e5ceb5ff2a34b.jpg, 0, 1, 0, 0
11399_jpg.rf.a3c4fc02aa7359ba0f969d448ae90aeb.jpg, 0, 0, 1, 0
0001814_jpg.rf.a3ca7d4ede383727ba6e4ded6369b832.jpg, 0, 0, 0, 1
0001752_jpg.rf.a3e295f127d6014bd78378333b738ae3.jpg, 0, 0, 0, 1
00011465_jpg.rf.a47a126cc3a283713243c22a071f7c45.jpg, 0, 1, 0, 0
1834_jpg.rf.a4a993a1eca9e17e1219e637c2972a4b.jpg, 0, 0, 1, 1
11479_jpg.rf.a4843c955d597992d51a4f084b2c1aa4.jpg, 0, 0, 0, 1
00011148_jpg.rf.a4a1e3ed1340d7d01231b1280aa03e13.jpg, 1, 0, 0, 0
11370_jpg.rf.a4b843454dde9ef2207f20717b0e7be0.jpg, 1, 0, 0, 0
00011534_jpg.rf.a4e1ec9169fcedf852ff8f50d607655c.jpg, 0, 0, 1, 0
11475_jpg.rf.a4d7adde6ad23501a0134fc7f2143850.jpg, 0, 0, 1, 0
00011296_jpg.rf.a561284b99b088a47d119eb8d3877282.jpg, 1, 0, 0, 0
00011094_jpg.rf.a5eb7ca159e9a8b6915af2f3077eca5a.jpg, 0, 1, 0, 0
11323_jpg.rf.a60c9d5139464cd0c78d88f3f86944ab.jpg, 0, 0, 0, 1
00011100_jpg.rf.a5c3c025e8b6c0ec0c781d70ec08cde4.jpg, 1, 0, 0, 0
1162_jpg.rf.a59b9a6ce456e023a6183205b424f0c0.jpg, 0, 0, 1, 0
0001288_jpg.rf.a67b7ea919dca352e06c0e060a3b70ba.jpg, 0, 0, 0, 1
0001873_jpg.rf.a69280a4d258ed1e58be9e3f003e6342.jpg, 1, 0, 0, 0
0001955_jpg.rf.a6d2083877bfacebb1858daf2b0d6f97.jpg, 1, 0, 1, 0
1275_jpg.rf.a621dcc4063500d22117fe29c7a4423d.jpg, 0, 0, 1, 0
0001479_jpg.rf.a6dcfe60ef754a55f6632b19c21907cb.jpg, 1, 0, 0, 0
00011206_jpg.rf.a702d6c78b1fad5607f9e8a615576b08.jpg, 1, 0, 0, 0
122_jpg.rf.a705b11122eaca5fc7905c7a18a31986.jpg, 0, 0, 1, 0
00011377_jpg.rf.a72c3e351ff95f00307bacfcf4b92988.jpg, 1, 0, 0, 0
0001350_jpg.rf.a73bf02a3e263121fa5fe4a9bc2b6ad4.jpg, 0, 0, 0, 1
0001225_jpg.rf.a76b84c03c4aec1770606dede1c64a2b.jpg, 1, 0, 0, 0
1772_jpg.rf.a79e8c4a4a2000f8965739add22d8247.jpg, 0, 0, 0, 1
00011530_jpg.rf.a7638edf0aff2b5cebca216723614d61.jpg, 0, 0, 0, 1
1954_jpg.rf.a7a5bea98212f3ea11db9e431befc3ff.jpg, 0, 0, 1, 0
11701_jpg.rf.a7f9ac1019fd090f7585498477af4a25.jpg, 0, 0, 0, 1
11000_jpg.rf.a8395bb50d072a4a9f326c801a0a5774.jpg, 1, 0, 1, 0
0001965_jpg.rf.a7eb3e9a5f643c0951d00afa6c8485c0.jpg, 0, 0, 1, 0
11484_jpg.rf.a8930dc6182a2bcc766b26b72d1a73f2.jpg, 1, 0, 0, 0
1233_jpg.rf.a8ab970dde8ab7225b1744b0f1c81551.jpg, 0, 0, 1, 0
00011538_jpg.rf.a8bbb83b4230ef8085617e8994e2a6c5.jpg, 1, 0, 1, 0
0001364_jpg.rf.a8b7558ebf53ab674602c34db4c401d1.jpg, 0, 0, 0, 1
00011046_jpg.rf.a9053d8c8d2f880c12e86df1ae6c6d72.jpg, 1, 0, 0, 0
00011943_jpg.rf.a8d9298d87624cdea66e679b14098527.jpg, 0, 0, 1, 0
1388_jpg.rf.a9266c3f5575d16c145dadc4ec475a2e.jpg, 1, 0, 0, 0
00011084_jpg.rf.a92c66f2bafebd71717bdc21d87be326.jpg, 0, 0, 0, 1
00011652_jpg.rf.a96c26ff44c99a2914c0c2e1d1bd73d1.jpg, 0, 1, 0, 0
1671_jpg.rf.a99aad2692397393b2c7aeeb7473a20c.jpg, 1, 0, 0, 0
0001367_jpg.rf.a97938cde9dbe5e30e6e1f1856de95fb.jpg, 1, 0, 0, 0
00011828_jpg.rf.a9baa747a06e51cd87a005de3af89351.jpg, 0, 0, 1, 0
11752_jpg.rf.a9c413487fcae8618f1aa12553cd6758.jpg, 1, 0, 0, 0
0001986_jpg.rf.a9efb30aa81c91213e97d5c08e100612.jpg, 1, 0, 0, 0
000159_jpg.rf.aa04e116603ce7f4394dda8cebbc5676.jpg, 1, 0, 0, 0
0001832_jpg.rf.aa5b5b9ea87380fe71d1426b07a521d5.jpg, 0, 0, 1, 0
0001542_jpg.rf.aab7088c40c2515626bc16ca2ee86e45.jpg, 1, 0, 0, 0
00011564_jpg.rf.aac869f09370c519a9abb5224625b64e.jpg, 0, 0, 1, 0
0001234_jpg.rf.aaaba72e92b77027bae0a835f23ee2f4.jpg, 0, 1, 0, 0
0001867_jpg.rf.aaa8dccd415f398cdbab6d02343125ec.jpg, 0, 0, 0, 1
11094_jpg.rf.aaf8ba3dc3b2ea3f3b32a8ca27cdc208.jpg, 1, 0, 0, 0
00011729_jpg.rf.ab045912f8f7a7fd8fd63a4c41ce7ac0.jpg, 1, 0, 0, 0
1297_jpg.rf.ab3c69000c36ed627e8711853a32242b.jpg, 0, 0, 0, 1
0001794_jpg.rf.ab1eaef00131fe55f324d5c5f562f918.jpg, 0, 1, 0, 0
11010_jpg.rf.ab45155a8fd7c80632b785951d679d41.jpg, 0, 0, 0, 1
11170_jpg.rf.ab50c863e59a94e836eb847ea5418c0f.jpg, 0, 1, 0, 0
00011074_jpg.rf.ab4bb16d14e2174889456e7a9863fc24.jpg, 1, 0, 0, 1
0001653_jpg.rf.ab55019ddbcfec89c6e4d80b5e83dd4a.jpg, 0, 0, 0, 1
00011898_jpg.rf.abebca1a75145b64f17d2c5917dd415c.jpg, 0, 1, 0, 1
00011429_jpg.rf.abb084fd2a3c8a4b51b9a28e36a33d45.jpg, 1, 0, 0, 0
0001567_jpg.rf.ac24af2aaffe21bd81f00f394f72c335.jpg, 0, 0, 0, 1
0001988_jpg.rf.ac2c77435084c6059eb5a58d26886fdf.jpg, 0, 0, 1, 0
00011438_jpg.rf.ac3899e63cb73a2f0e58dc4f95f96611.jpg, 0, 0, 1, 1
000163_jpg.rf.ac5b711f733f335da9aa44bb0a94151d.jpg, 0, 0, 0, 1
1315_jpg.rf.ac6b998b8bc7a761c041a2612996bdf2.jpg, 0, 0, 1, 0
11786_jpg.rf.ac85356acd169548b19d46ffbbbe8b69.jpg, 1, 0, 0, 0
1686_jpg.rf.ac9478a8b158d9022de12155b1f912e1.jpg, 0, 0, 1, 0
1752_jpg.rf.ac9ef2bc80bb5b9d37c187701f5ea6bb.jpg, 0, 0, 1, 0
11217_jpg.rf.aca776baf62fb79d5cbca72fbe268cc5.jpg, 1, 0, 0, 0
1708_jpg.rf.acbd10206514cf4306f68d5656a81290.jpg, 0, 0, 0, 1
138_jpg.rf.acc83a59fb40eb3bb395101e857346dc.jpg, 0, 0, 1, 0
00011756_jpg.rf.acfab35fd2a45b9ee8c3c48f2b4c99ea.jpg, 1, 0, 0, 0
00011885_jpg.rf.ad31529ccfc19ab49f022a9d29cd52b1.jpg, 0, 0, 1, 0
00011498_jpg.rf.ad3ed8f37cf26f6c641ae5c8f4d415ae.jpg, 0, 0, 1, 0
11558_jpg.rf.ad5be492c77d7a9b670175b44151b2b2.jpg, 1, 0, 0, 0
11168_jpg.rf.ad684aaa5bd6fdbb69b443baaedce90b.jpg, 0, 1, 0, 0
00011231_jpg.rf.ad92afac09f76bfb92eb61f079966b25.jpg, 1, 0, 0, 0
1131_jpg.rf.ad75f2abc6c51fdcbed5883fdc96fb2b.jpg, 0, 0, 1, 0
0001648_jpg.rf.ada18765b09059283880bd63d2c946f4.jpg, 1, 0, 1, 0
0001996_jpg.rf.adb7f8c4186010be2d7db661b0acc7d2.jpg, 0, 0, 0, 1
0001211_jpg.rf.add16da049d6dfa97023b43059ec08cb.jpg, 0, 1, 0, 0
0001451_jpg.rf.adc9df5eef4d6d02773fcd4e6bd39c11.jpg, 0, 0, 0, 1
1950_jpg.rf.ae3ebacbde07d18691bc28043c2377c9.jpg, 0, 0, 0, 1
11015_jpg.rf.ae204aefccb2bd780c1e963b26a1adaf.jpg, 0, 1, 0, 0
00011340_jpg.rf.ae411e197cf51c19bd7b73dc7f287cec.jpg, 0, 0, 1, 0
00011470_jpg.rf.ae6ddd620fee4a951eec8d1316b12cc1.jpg, 1, 0, 0, 0
0001693_jpg.rf.aeaef3c94fb68689a931c2a7b77f5a4a.jpg, 0, 0, 0, 1
00011121_jpg.rf.aeb6c234bd9d036350749503ad4cba9b.jpg, 0, 1, 0, 0
000144_jpg.rf.aeceb30c55363b45763977acd4484ebd.jpg, 1, 0, 1, 0
00011185_jpg.rf.af42a5b67f61d7aa093b93672cc7ea19.jpg, 0, 0, 1, 0
12002_jpg.rf.aee4b36b5068e9ceb83ddd98d792fe19.jpg, 1, 0, 0, 1
00011436_jpg.rf.aef1efe6687e0370fdeac3e0dd62cd5e.jpg, 0, 0, 0, 1
0001347_jpg.rf.af5cd6e35e16df9ab0936ac4c046e1f1.jpg, 0, 0, 1, 0
1924_jpg.rf.af60f715f390100b8e9dd0480e3e12ac.jpg, 1, 0, 0, 1
00011429_jpg.rf.af553419997019b1709dd267bc9a48b5.jpg, 1, 0, 0, 0
0001895_jpg.rf.af527bebdbeb71dbb5264d8c26e198c4.jpg, 0, 0, 0, 1
00011401_jpg.rf.af72da5abfcbedaaaa771f6740931c25.jpg, 0, 0, 1, 0
0001345_jpg.rf.af79f23cff9367f3e07a7f726b128064.jpg, 1, 0, 0, 1
00011939_jpg.rf.af8a8f4f772519dfe39f60c29495f360.jpg, 0, 0, 1, 0
1497_jpg.rf.af78a18c90b6716e33a5084cedddcc3c.jpg, 0, 0, 1, 0
00011838_jpg.rf.afbf26ea3f11473a5607764d0584ad23.jpg, 0, 0, 1, 0
00011631_jpg.rf.af8e7d3f7eb94e01264e53ddf97ab92e.jpg, 1, 0, 0, 0
00011798_jpg.rf.afcdbb0033ee5234aad1a18470e8b2e9.jpg, 0, 0, 1, 0
0001881_jpg.rf.afd38151844c295eba1f68f28c168a27.jpg, 1, 0, 0, 0
00011236_jpg.rf.aff13b986a0f1ff23dc4ea9276ad7af6.jpg, 1, 0, 0, 0
000114_jpg.rf.affe68a50b4eda3eb3723306824ff643.jpg, 0, 0, 0, 1
11010_jpg.rf.b049ea6b1322aa0705cf04285358ffb6.jpg, 0, 0, 0, 1
1144_jpg.rf.b045bc835c87ab9a0f8c289095c96fc1.jpg, 1, 0, 0, 0
1179_jpg.rf.b05f90936e2e1460b3faa0213ae66f8e.jpg, 0, 0, 0, 1
0001387_jpg.rf.b089b215d33e8f33547f2c908718ab9a.jpg, 1, 0, 0, 0
00011403_jpg.rf.b0f42b4864f8df2171d3ed96a2b5679b.jpg, 0, 0, 1, 0
0001584_jpg.rf.b113ef4631bf9284c8f4e4b4936f27c7.jpg, 0, 0, 0, 1
1863_jpg.rf.b1bb3576a792866f464e021d21f26a11.jpg, 0, 0, 1, 0
11233_jpg.rf.b071a37fbd901461a983f9e6f6e0f122.jpg, 0, 0, 0, 1
1321_jpg.rf.b1c65d3668481baf46dd30841e8abbe2.jpg, 0, 0, 0, 1
11805_jpg.rf.b11ba73b54dd1794494672e977941325.jpg, 0, 0, 1, 0
1726_jpg.rf.b21062a475a09ffb2e692b876ef72220.jpg, 1, 0, 0, 0
1124_jpg.rf.b1fc15d5f5c41f3bae3d81ae78d96bbb.jpg, 0, 0, 0, 1
1264_jpg.rf.b2092ea86e490efe1ac370caec55c73b.jpg, 1, 0, 0, 0
0001510_jpg.rf.b22886271a92c18dc944ecac9b1405b9.jpg, 0, 0, 1, 0
1502_jpg.rf.b274b319ca555b9d14366372a41f2d66.jpg, 0, 1, 0, 0
00011084_jpg.rf.b27d61495717f6fa952084ba6e27cb66.jpg, 0, 0, 0, 1
11832_jpg.rf.b2c1b92a4b38f0a684e84eca5b3cd602.jpg, 1, 0, 0, 0
00011559_jpg.rf.b266c9b54ab06e743ff104da13f41fab.jpg, 0, 1, 0, 0
11728_jpg.rf.b32958b77bdb31c887595e83e6d3c8c4.jpg, 0, 1, 1, 0
0001958_jpg.rf.b2c887672bc07ae33f52590c17c893e9.jpg, 0, 0, 1, 1
0001433_jpg.rf.b336619cd2b397d6259357a9562933f5.jpg, 0, 0, 1, 0
00011101_jpg.rf.b2ec1684ae3556a06e6160469cced168.jpg, 0, 0, 1, 0
1799_jpg.rf.b36de2f691db4c4848bb6a6fbc5ec418.jpg, 0, 0, 0, 1
0001828_jpg.rf.b3fbc48efb026e4e2e51af9ceb60f0da.jpg, 0, 0, 1, 0
11432_jpg.rf.b467fcb6d6baeefd8fc7637aca6227fc.jpg, 0, 0, 1, 0
0001759_jpg.rf.b4549bf218903833c4474afdc4f8f6d4.jpg, 1, 0, 0, 0
11854_jpg.rf.b53d5f0a2cee5872010692f49512b418.jpg, 0, 0, 0, 1
0001617_jpg.rf.b5397d1803ce6c491ac1ebf7163f4515.jpg, 1, 0, 0, 0
11045_jpg.rf.b50e2e8d47a4403d18585e93fbc3fb60.jpg, 0, 0, 0, 1
00011813_jpg.rf.b5c6d83da3c7245a708016868b9590a2.jpg, 0, 0, 1, 0
00011160_jpg.rf.b5f8dd4bbb3955a22c3c29540c61d4d4.jpg, 1, 0, 0, 0
1246_jpg.rf.b65ccd5eed285047bc2a5f4664bcfdcc.jpg, 0, 0, 1, 0
00011070_jpg.rf.b627bd4f595f2747f9fc9d801fd2fb0a.jpg, 0, 1, 0, 0
11272_jpg.rf.b60efb1ae57d73cf8d97781f36838e71.jpg, 1, 0, 0, 0
11144_jpg.rf.b6afcbf3eb29dfd2c1eb9a9ef56caae4.jpg, 1, 1, 0, 0
11_jpg.rf.b674700a5c0f0a19ab0101384a5cf5c1.jpg, 1, 0, 0, 0
0001681_jpg.rf.b6bd68ddb2b0f595e0c17b1b4c8e9592.jpg, 0, 0, 1, 0
0001219_jpg.rf.b6c337dcdae56fc5ab9fe0fd5cfb5624.jpg, 1, 0, 0, 0
00011705_jpg.rf.b6f0a24dfa5c8be5714d89b7ff1a8d68.jpg, 0, 0, 1, 0
0001780_jpg.rf.b70a5bfc772cb3659cacbe9405b3e945.jpg, 1, 0, 0, 0
1881_jpg.rf.b6f303db7a3aeb480c2a840bdc491035.jpg, 0, 0, 0, 1
0001305_jpg.rf.b6cb1e40c72489f487762e000df869e9.jpg, 1, 0, 0, 0
11297_jpg.rf.b71210255c5a50cdf48af683eecedc4f.jpg, 0, 0, 0, 1
00011130_jpg.rf.b753dbce7b4dcbb89a7268327840db87.jpg, 0, 0, 0, 1
0001255_jpg.rf.b75e2250179c3d30f8466df7b4f09726.jpg, 0, 0, 0, 1
00011748_jpg.rf.b7180bfb4b499803cbacb6fe2ad95414.jpg, 0, 0, 1, 0
11963_jpg.rf.b80e3ec34f2cd61e7d82d3e167d491da.jpg, 0, 0, 1, 0
1453_jpg.rf.b76eda8d663e4af79ac3992a7ae717ec.jpg, 0, 0, 1, 0
11310_jpg.rf.b8344bbef2305b7df676427a6ab0f866.jpg, 0, 0, 0, 1
0001120_jpg.rf.b80d32cee7cc59b180f6a6912e118e9f.jpg, 0, 0, 1, 1
00011522_jpg.rf.b855f4f8877c5d02d6d8a61ae1b15751.jpg, 0, 0, 0, 1
11166_jpg.rf.b843630b23231d9767cd52ea398d9bd3.jpg, 0, 1, 0, 0
00011873_jpg.rf.b83953ee546e6a28555a601dedd063f7.jpg, 0, 0, 1, 1
11688_jpg.rf.b86892c047d24dfff1d36ee746940d4a.jpg, 0, 0, 1, 0
0001576_jpg.rf.b872b5308104b93913eb6d015253d332.jpg, 1, 0, 1, 1
11401_jpg.rf.b870a4a04f3e448be10f38badcdf75f3.jpg, 0, 0, 0, 1
00011750_jpg.rf.b8cecf9ea4810b5559bc61269017ee9a.jpg, 0, 1, 0, 0
1528_jpg.rf.b912e99b6c3b78b482206f7d54749ca2.jpg, 0, 0, 0, 1
0001469_jpg.rf.b94da96a2f87d5fed3839f2d20e4b002.jpg, 0, 0, 1, 0
11264_jpg.rf.b969cd9a096280e4ac0f82dcaa5a5e13.jpg, 1, 0, 0, 0
000147_jpg.rf.b9796d15bf559de1d21b60009354f66a.jpg, 0, 0, 1, 1
0001865_jpg.rf.b9d61d3106c37f137f882aea9006f932.jpg, 0, 0, 0, 1
000175_jpg.rf.b9d79dc54fcbd9a0d1aa7aec89986a56.jpg, 0, 0, 1, 0
0001214_jpg.rf.ba1bca08f85f7dcf5bc04ba774410529.jpg, 0, 1, 0, 0
1219_jpg.rf.ba0122d60772dafc7c4672a8e084bd5e.jpg, 0, 0, 0, 1
11887_jpg.rf.ba317b9a79cb792dd7466912ad735302.jpg, 0, 0, 0, 1
11889_jpg.rf.ba458c3955f1532aee6aa2e1f08e3ed3.jpg, 0, 0, 0, 1
1684_jpg.rf.ba8e84aea8886b45885b4841a6e9c9f1.jpg, 1, 0, 0, 0
0001798_jpg.rf.babb78843bc18661a44a537e30f27110.jpg, 0, 0, 1, 0
00011441_jpg.rf.ba3c12a9d3e28f39a088999c6e89d86e.jpg, 0, 0, 0, 1
1606_jpg.rf.ba5394fe571feed271a2837fa71c8b0b.jpg, 1, 0, 0, 0
0001477_jpg.rf.ba64904d151b8a4736dfb0d4a03ac932.jpg, 0, 0, 1, 0
0001310_jpg.rf.bad8bd225b1b69f1f92af21287b6de38.jpg, 0, 0, 0, 1
1595_jpg.rf.ba8abf183938db85f7b39b3b1d744dd1.jpg, 0, 0, 1, 0
0001750_jpg.rf.bae6c06cf6ecaaf6610e1040da1f5ae7.jpg, 0, 0, 1, 0
000139_jpg.rf.bafa29ede9780c6eb712403a067bc2ef.jpg, 0, 0, 1, 0
0001699_jpg.rf.bb220c005b078c7b9860cf051041a274.jpg, 0, 0, 0, 1
11248_jpg.rf.bb0fa831b07de227746c6349250e9003.jpg, 0, 0, 0, 1
00011354_jpg.rf.bb5fa6ee3dc2ee0139725e770e2b397c.jpg, 0, 0, 0, 1
0001428_jpg.rf.bb8fcda33c3334b71170038b989d915b.jpg, 0, 0, 0, 1
00011588_jpg.rf.bb723b7425117ec274533992ab6d61d0.jpg, 0, 0, 1, 0
00011760_jpg.rf.bb8417075fcbe6d7ed191180746c983d.jpg, 0, 1, 0, 0
11343_jpg.rf.bbdf40be1bb7083a3ab3091eafebf5e4.jpg, 0, 1, 0, 0
11338_jpg.rf.bbca94434e4b7c13af881f33de234205.jpg, 0, 0, 0, 1
00011714_jpg.rf.bb99421c1698882d93962910b442a72c.jpg, 0, 0, 1, 0
1299_jpg.rf.bbd68c175c038562c188d167dd7c6cff.jpg, 0, 0, 0, 1
00011177_jpg.rf.bbfd5c9d84888bd6d4ed81e04361dac3.jpg, 1, 0, 0, 0
00011559_jpg.rf.bc15280d952b8325361ca8d3424ab656.jpg, 1, 0, 0, 0
0001426_jpg.rf.bbf50e47bc07aedb3bd1ff80d7c60ee9.jpg, 0, 0, 0, 1
136_jpg.rf.bc533f46bb6274e3423eb836874b1283.jpg, 0, 1, 0, 0
0001747_jpg.rf.bc5820e9d1057052aad199a006c488e6.jpg, 1, 0, 0, 0
0001324_jpg.rf.bccb328e6007ee01a85bebeab727cb98.jpg, 0, 0, 1, 0
1282_jpg.rf.bceafa339fcb050e8f8df6da49598cc8.jpg, 0, 0, 1, 0
00011121_jpg.rf.bc91997a21926a4dc7d38910a855ad82.jpg, 0, 1, 0, 0
00011774_jpg.rf.bcfb02a01052ceecb415719555c43df5.jpg, 0, 0, 1, 0
0001742_jpg.rf.bcff04a5d27dd1b7b9003c91131c765b.jpg, 0, 0, 1, 0
1904_jpg.rf.bd1801669a85db9e0aa140d149494cd4.jpg, 0, 0, 0, 1
00011185_jpg.rf.bd26eb789d09e6b5e36c9d840a2a2ddb.jpg, 0, 0, 1, 0
0001111_jpg.rf.bd3d2949e5bf738c2fbfa7b88bda55a2.jpg, 0, 0, 1, 0
1437_jpg.rf.bd28addd6b8e8220d9965bc9438c8a2c.jpg, 1, 0, 0, 0
00011411_jpg.rf.bd39cb241d7495a6de57bb0dd0978bda.jpg, 0, 0, 1, 0
00011191_jpg.rf.bd41df8db9dfac1a519224ee92176888.jpg, 0, 0, 1, 0
0001579_jpg.rf.bd56d30218ff3c1275ae4d36ce510657.jpg, 1, 0, 0, 0
00011850_jpg.rf.bd4e82ac5f10549b688bd1b2e359dfdd.jpg, 0, 0, 1, 0
1843_jpg.rf.64d74e56437a26e8bdaaf4d56a4cc4a7.jpg, 0, 0, 0, 1
00011612_jpg.rf.6487a2709fb67cd1a4773d6ab21fbb8d.jpg, 0, 0, 1, 0
0001264_jpg.rf.6480375de0e473efd06f018e221ee21f.jpg, 0, 0, 0, 1
00011326_jpg.rf.619e74c578f26aac2381d6fb586382af.jpg, 0, 0, 1, 0
1926_jpg.rf.64bbe48a01c21e37993f893b1510a96c.jpg, 0, 0, 0, 1
0001646_jpg.rf.62ebe953f6158d59f80d7de2f3f428a7.jpg, 0, 0, 0, 1
0001134_jpg.rf.64206545cbcffc27092048a5a65dcf7f.jpg, 0, 0, 0, 1
0001214_jpg.rf.64b81afb96abae3f85021f3c1889df72.jpg, 0, 1, 0, 0
00011961_jpg.rf.65021e0c1723ebc1d136889f4715df6f.jpg, 0, 0, 0, 1
00011603_jpg.rf.63a5d2fce768bf96280da0353f2dfe25.jpg, 0, 0, 0, 1
0001194_jpg.rf.6173bbb00c513f08cc9e96f3e0d07964.jpg, 1, 1, 0, 0
00011852_jpg.rf.638b1e121c75e3f1474b7b7aa244578d.jpg, 0, 0, 0, 1
000149_jpg.rf.61398e88e9b93c145fec5fbb9a8a18c6.jpg, 0, 0, 0, 1
1229_jpg.rf.62fc7b54665bc6d72de65b11eb6aee75.jpg, 0, 0, 1, 0
00011136_jpg.rf.648881565ce031d707877caeaed2f2cf.jpg, 0, 0, 1, 0
00011490_jpg.rf.65729c254a4c60932be2ee44a81eb0bb.jpg, 1, 0, 0, 0
00011878_jpg.rf.61e0f56f32dd2dbea98e710326c12496.jpg, 0, 0, 1, 0
0001535_jpg.rf.6338777cc3e00b2a0d3e61faebfc97aa.jpg, 0, 0, 1, 0
0001953_jpg.rf.631a5cfbfebe0ab7674024266682b7f8.jpg, 0, 0, 1, 0
00011044_jpg.rf.64c42ec6cafd3f20dae7afd226386fb8.jpg, 0, 0, 1, 0
11547_jpg.rf.632939ffe794f7fba0ad5558a5448fdf.jpg, 0, 0, 0, 1
1515_jpg.rf.6400625cf020abf38bc0dff2559f8c22.jpg, 1, 0, 0, 0
000177_jpg.rf.6637703dfe08119b447deb789d4daa54.jpg, 1, 0, 1, 0
0001525_jpg.rf.6203d4d245fd90bdb40593512f19381d.jpg, 0, 0, 1, 0
11595_jpg.rf.631694cacfb6ececd310ad0baf051b12.jpg, 1, 0, 0, 0
0001854_jpg.rf.6600a492a2daf423378b95d335e4d920.jpg, 1, 0, 0, 0
0001903_jpg.rf.659c470f2869ee8c105b6219787a05f7.jpg, 0, 0, 0, 1
1552_jpg.rf.6621c59c6f51bca4b0d4f1f6667a8a47.jpg, 1, 0, 0, 0
1464_jpg.rf.62f45b8f44805cc0e7997ed4b47a19a2.jpg, 0, 0, 1, 0
0001971_jpg.rf.66434c7e671c27669fe10a0178a64635.jpg, 0, 1, 0, 0
1524_jpg.rf.667f63b44e3a26eefa4b238941c62b39.jpg, 1, 0, 0, 0
1435_jpg.rf.665c3f170f49fed1fc6fbdeee965e641.jpg, 0, 1, 0, 0
0001872_jpg.rf.666dc8f09d77e655be587a6cfb115fe5.jpg, 0, 0, 1, 0
00011971_jpg.rf.66ed82354b89556bcc647033628d4c72.jpg, 0, 1, 1, 0
0001532_jpg.rf.672f23d0b7539dde4a100822e363ec41.jpg, 0, 0, 1, 0
11647_jpg.rf.66f8681584381fcc369587f92b4cb961.jpg, 0, 0, 1, 0
11303_jpg.rf.66c8c0dfa525c282d4ec22e3da3129da.jpg, 0, 0, 0, 1
0001383_jpg.rf.676389715099a6343930938170226294.jpg, 1, 0, 0, 0
00011619_jpg.rf.6789677bf5306ff44c263617a45ca0f3.jpg, 1, 0, 0, 0
00011871_jpg.rf.678f06decc34d9f3ce936c968ed7c205.jpg, 0, 0, 1, 0
1876_jpg.rf.67a359288ab6a5e2c48858ddd2678018.jpg, 0, 0, 0, 1
00011016_jpg.rf.67d1910aaed99a3d08f890fe771ad01b.jpg, 0, 0, 0, 1
00011514_jpg.rf.67eaa67c672954680bbc119781a3fa85.jpg, 0, 0, 1, 0
1819_jpg.rf.67a83a344ce27f6810812abfe5e70804.jpg, 0, 0, 1, 0
00011900_jpg.rf.681eedd770a98d5db4b771b39f9e3ec6.jpg, 0, 0, 0, 1
00011076_jpg.rf.682d9ada8327169b42a6ee25e6ed9d98.jpg, 0, 0, 1, 0
0001891_jpg.rf.67f240a520404bd9ca4922c97a638e1b.jpg, 1, 0, 0, 0
11083_jpg.rf.67fd327e9ce057ba50190313c22119a7.jpg, 0, 0, 1, 0
00011215_jpg.rf.682d1f1d8440540f6b39748b9bca57f7.jpg, 0, 0, 0, 1
00011506_jpg.rf.6834562bf714ecf7b01f24be76ddde55.jpg, 1, 0, 0, 0
1493_jpg.rf.685967ef4da26aa0bc9ca03c87aca090.jpg, 0, 0, 0, 1
00011330_jpg.rf.68ae486d03184fa0549a45cf88c65546.jpg, 0, 0, 0, 1
0001293_jpg.rf.6881f6ef5e044db30b55049aa7ab083e.jpg, 0, 0, 0, 1
0001848_jpg.rf.68fd0914434a8e2e0e651ee214b0166f.jpg, 1, 0, 1, 0
00011562_jpg.rf.693309fce0f5ef0845f59f8eb3489244.jpg, 0, 0, 0, 1
11441_jpg.rf.69506027631424c75ce5370bd885519b.jpg, 0, 0, 1, 0
00011023_jpg.rf.695f6833780c6d159e405a9ce4f6b41c.jpg, 0, 0, 1, 0
00011314_jpg.rf.69689db17eb7e6b5f06a2f50c9165bd4.jpg, 0, 0, 0, 1
00011921_jpg.rf.6995dacaddbd844cad208e4abd83d9eb.jpg, 0, 0, 0, 1
00011840_jpg.rf.69b331a57008f03ff4eaed6346234aa6.jpg, 0, 0, 1, 0
00011678_jpg.rf.69bf81ef9c4818a200c9a50ee3f9b492.jpg, 1, 0, 0, 0
11464_jpg.rf.69e71b4b6a6719786b79b2f022377643.jpg, 0, 0, 1, 0
00011711_jpg.rf.69f5edf8daf32079900252facce82db9.jpg, 0, 0, 0, 1
00011066_jpg.rf.6a05bf1dcaade35ae702d596bb34a198.jpg, 0, 0, 1, 0
00011377_jpg.rf.6a01959091501d65d0dcbccc8ec7216a.jpg, 0, 0, 1, 0
120_jpg.rf.6a0a44bdb1552fd43a282cc530776a29.jpg, 0, 0, 1, 0
0001598_jpg.rf.6a2d58c7a78b278debc351f013a09668.jpg, 0, 0, 0, 1
1480_jpg.rf.6a3f2913b38fbc57f21c29ddeca197a2.jpg, 1, 1, 0, 0
0001951_jpg.rf.6a32181a7b03c4de0b8005042996fe40.jpg, 1, 0, 0, 0
110_jpg.rf.6a628e5d4394b4966ed458114d5f6754.jpg, 0, 0, 1, 0
11172_jpg.rf.6a6fc41e77e969a88f60e9ab60708502.jpg, 1, 0, 0, 0
0001197_jpg.rf.6a847de9be34a29a44d437121eb30f1b.jpg, 0, 1, 0, 0
1706_jpg.rf.6ad2ff91b0492a496046ddae72c1e8ab.jpg, 0, 0, 1, 0
11874_jpg.rf.6ac749254ef0a1007d2b9bdf27815893.jpg, 1, 0, 0, 0
00011847_jpg.rf.6ab011e264c48c80634740bd0d871ba0.jpg, 1, 1, 0, 0
1968_jpg.rf.6ae2c6b9cfb2e7f6deb3a837fff86c43.jpg, 0, 1, 0, 0
00011187_jpg.rf.6b00bfa32eaba419e43c341d9f5f42bd.jpg, 0, 0, 1, 0
0001801_jpg.rf.6b12eacb531903b0611d6ffb0ffcfd95.jpg, 1, 0, 0, 0
11903_jpg.rf.6b283cc9745118b5a23da6dfe86688d2.jpg, 0, 0, 0, 1
0001132_jpg.rf.6b3d1d4825e2055eb0021151989fab65.jpg, 0, 0, 0, 1
1110_jpg.rf.6b690f9a45086535cca142ae12ecd6a6.jpg, 0, 0, 1, 0
0001195_jpg.rf.6b828e7caead89420c48a1167db32166.jpg, 1, 0, 0, 0
1288_jpg.rf.6b2f0998c4cba9c6f19cae7cc10dd326.jpg, 0, 0, 1, 0
0001727_jpg.rf.6c9032dbd315b3f7e5aacd59c89dc463.jpg, 0, 0, 0, 1
0001715_jpg.rf.6c8942fa63c23d931909a2ac7fb89546.jpg, 0, 0, 1, 1
0001189_jpg.rf.6c93f8720494a8a257c36825caed0485.jpg, 0, 1, 0, 0
00011772_jpg.rf.6c47d127a47af2505ca6df323a8e68d9.jpg, 1, 0, 0, 0
1667_jpg.rf.6c9feda85a4484c75ba51953ad1ced7e.jpg, 0, 0, 1, 0
0001754_jpg.rf.6cb08e99d25f4714314e7ac662b8df1f.jpg, 0, 0, 1, 0
00011897_jpg.rf.6d1b31171fd0eaafc7dc1c36fa117cb6.jpg, 0, 0, 0, 1
11532_jpg.rf.6d47f8a1c7c928bdcbc56be7cde590c3.jpg, 0, 0, 1, 0
000187_jpg.rf.6da22bf6c5e305f8ecf041320a6ebc9e.jpg, 1, 0, 0, 1
00011547_jpg.rf.6db85aa15fb77f755cc8366ceaba6ebb.jpg, 0, 0, 1, 0
11612_jpg.rf.6dc68ebe1891a1c741928c920154372f.jpg, 0, 0, 1, 0
00011151_jpg.rf.6e1f4d7515310942ae6a4d9f350fa5a4.jpg, 0, 0, 0, 1
0001192_jpg.rf.6e54e49c772b8496e2613b2b41915713.jpg, 0, 1, 0, 0
0001100_jpg.rf.6ea870a93a7dc11b9e387791fb337b5d.jpg, 1, 0, 0, 0
00011656_jpg.rf.6e717197bd090f9d60a1040a13193783.jpg, 0, 0, 1, 0
00011567_jpg.rf.6ef1f37f976e5258318abeb1afdbf586.jpg, 1, 0, 0, 0
00011360_jpg.rf.6f18174abc545f3da505e1146cff899a.jpg, 0, 0, 1, 0
0001409_jpg.rf.6f63db9fee6ff064069f21ede45c5a3f.jpg, 1, 0, 0, 0
00011902_jpg.rf.6f42369c1ffae038dc0eb8a0bcf559cf.jpg, 1, 0, 0, 0
11410_jpg.rf.6f6dec8f1b686ba9452df6b75139151c.jpg, 0, 0, 1, 1
1677_jpg.rf.6f88a732ff7518465c08c51caf0613d2.jpg, 0, 0, 1, 0
0001900_jpg.rf.6fdc215682a2ec83244e23d48db5e255.jpg, 0, 0, 0, 1
0001199_jpg.rf.70861243387dcbeaf97fedca685a9b35.jpg, 1, 0, 0, 0
1943_jpg.rf.708fc404bdfb79266d45e95ace925574.jpg, 0, 0, 0, 1
1588_jpg.rf.70ac835ae0f005f35c95db2e67acdd11.jpg, 1, 0, 0, 0
0001562_jpg.rf.70e3530f9d5b95f181508283cfe71769.jpg, 1, 0, 0, 0
00011107_jpg.rf.710849f90b7c0c60d09c2190441231a6.jpg, 1, 0, 0, 0
00011283_jpg.rf.7130e0b8b365eed80f5bbc0538d6dbbf.jpg, 0, 1, 0, 0
11041_jpg.rf.710bb1528bccae003b84324d3d51f12d.jpg, 1, 0, 0, 0
11841_jpg.rf.7139c8c39d7e208caf6ccfbd3764686b.jpg, 0, 0, 0, 1
00011434_jpg.rf.71614f2b888b0d93d3e792e6b85bd4b2.jpg, 0, 0, 1, 0
00011941_jpg.rf.71486b833f0ddcda341ac2be99e0969c.jpg, 0, 0, 1, 0
00011823_jpg.rf.7198b4e215a7eca1bd75ed1fd0c51aea.jpg, 0, 1, 0, 0
00011098_jpg.rf.71635f50f600e3e94cc45b38242c2254.jpg, 0, 0, 1, 0
184_jpg.rf.71ae5f2373508a5381dd980761f41cad.jpg, 0, 0, 0, 1
00011456_jpg.rf.71b966a30372f07c5b14d2ec39dfe48e.jpg, 0, 0, 1, 0
0001844_jpg.rf.71c25c303fdac0fbb7121c984b1d1b17.jpg, 0, 0, 0, 1
00011094_jpg.rf.71e72b4ff1b016066fdfc96ae14d8d05.jpg, 0, 1, 0, 0
1845_jpg.rf.720ad7cfc0efc7618567669e161b36b7.jpg, 0, 0, 1, 0
00011364_jpg.rf.71edc6f0cdc009907cbe242c2f355583.jpg, 0, 0, 0, 1
00011241_jpg.rf.71c55df1b40d764f96fc9f308283ec95.jpg, 0, 0, 0, 1
11124_jpg.rf.720b3f96adadc49569df9064494e0be9.jpg, 0, 1, 0, 0
11002_jpg.rf.720d75351a80b02eb12d99c0bdd07829.jpg, 0, 1, 1, 0
0001431_jpg.rf.7227228bc0bdc7288cbe48779461c29c.jpg, 0, 0, 1, 0
0001272_jpg.rf.723ec91f9d92d8ff6d7dd8fc1cc6a926.jpg, 0, 0, 0, 1
00011177_jpg.rf.723a719efb03d8d22e85139647f7dad1.jpg, 1, 0, 0, 0
1989_jpg.rf.728284f48d27a500dc18b46b9fa191ea.jpg, 1, 0, 0, 0
00011181_jpg.rf.728c0cee823f5cf75041b91885d7fdc1.jpg, 0, 0, 0, 1
11111_jpg.rf.72428964616f94c38fc610a76051efdf.jpg, 0, 0, 0, 1
11671_jpg.rf.725580e6ed334f615ba28b2474f72a6b.jpg, 0, 0, 0, 1
00011601_jpg.rf.72c4ba71bbbad71a6294243405a1272f.jpg, 0, 1, 0, 0
0001165_jpg.rf.72df011ea164d762a109b72afb4e3e72.jpg, 0, 1, 0, 0
0001656_jpg.rf.72ee29cef26b1a532152ff470866813c.jpg, 0, 0, 0, 1
1556_jpg.rf.72e61cda6e36b73d5ba55ace31284be2.jpg, 0, 0, 0, 1
0001234_jpg.rf.73306277d3c15c10a36e76212dd7ecf7.jpg, 0, 1, 0, 0
00011830_jpg.rf.72fe584ed5792b460b428563ab4bec62.jpg, 0, 0, 1, 0
1560_jpg.rf.733394728066aa8778cda8f219767e8d.jpg, 0, 0, 0, 1
1750_jpg.rf.73c7f6a4122a24b0b9aeb149977ed94e.jpg, 0, 0, 1, 0
00011234_jpg.rf.735e8f1855616c565305b49fe5ca4644.jpg, 0, 0, 1, 0
1604_jpg.rf.7304f068d3c332c913403d8c2a681c15.jpg, 1, 0, 0, 0
0001518_jpg.rf.73b5292830050b46c3cce2d5c30cee52.jpg, 0, 0, 1, 0
00011953_jpg.rf.739a442139ee14524fae1eb773025fb4.jpg, 1, 0, 0, 0
1817_jpg.rf.740574a670036de9cc406914d136e7ce.jpg, 0, 0, 1, 0
00011808_jpg.rf.73edf2d12f4d04e46c6b66c82d51e034.jpg, 0, 0, 0, 1
00011603_jpg.rf.73d60d8760740ef6f0b8fa010d770f95.jpg, 0, 0, 0, 1
0001111_jpg.rf.740648d8d20b49dfae285c5aa526e1f5.jpg, 0, 0, 1, 0
00011478_jpg.rf.744b30a552548455d05659130f7d02e2.jpg, 1, 0, 0, 0
00011574_jpg.rf.741334d98b12666258bb4e192e3165e4.jpg, 0, 0, 0, 1
00011543_jpg.rf.742874de906b3d21726ee1a03ad0f735.jpg, 1, 0, 0, 0
00011253_jpg.rf.7452a39dd378aa978f14f618d83793ae.jpg, 0, 0, 0, 1
0001562_jpg.rf.746b0251bb60dc9fc0d02ce7a6ae1ad0.jpg, 1, 0, 0, 0
11843_jpg.rf.74c6d058b0dbc3022bd1a081307c2fd6.jpg, 0, 0, 1, 0
0001270_jpg.rf.746e15d3bce53d20884e3777eae937cf.jpg, 1, 0, 0, 0
0001806_jpg.rf.7485b14ebf63f7740ac72d31f711f5f1.jpg, 0, 0, 1, 0
0001501_jpg.rf.74e29cc1b2868adf641a7cfdefd0c0c5.jpg, 0, 0, 0, 1
0001608_jpg.rf.7508e6c351bdcdcb1eb84ea74a1dd0c0.jpg, 0, 0, 0, 1
1255_jpg.rf.74e7243b41d5758802b5e5cdffedc360.jpg, 0, 0, 1, 0
0001457_jpg.rf.751b906c1d50631ba66748143bae6760.jpg, 0, 0, 1, 0
1371_jpg.rf.7536deb19cf271dec8fdf4de0e921e2a.jpg, 1, 0, 0, 0
0001475_jpg.rf.7540aa606eab889ac8d1ccfe063b3c22.jpg, 0, 0, 0, 1
173_jpg.rf.756e3732922f1cd20699d2d5b7554947.jpg, 0, 0, 1, 0
000110_jpg.rf.75d517c01de90dc7d840fb4af1729ea3.jpg, 0, 0, 1, 1
1249_jpg.rf.75e6553a85d84de931f082c78012f91f.jpg, 1, 0, 0, 0
00011416_jpg.rf.759a8c4c5b83e3bac65a60ee73f448a1.jpg, 0, 0, 0, 1
00011213_jpg.rf.754e16c3a4ae2b1e588405d3354eaf8b.jpg, 0, 0, 0, 1
11760_jpg.rf.75e9f2b34a153c0418c72fd517cffeee.jpg, 0, 0, 1, 0
11225_jpg.rf.75f2ea26968d0113e5b6df2207e9f166.jpg, 0, 0, 0, 1
00011032_jpg.rf.7612e6813a7a5b4966edabfd677993f4.jpg, 1, 0, 0, 0
00011931_jpg.rf.7623093d6be2922ab2c33b1994860d2d.jpg, 0, 0, 1, 0
00011411_jpg.rf.7610ee1233dfa05fce65c92436d40145.jpg, 0, 0, 1, 0
00011014_jpg.rf.7654ccafb2aa5d3a37b284ee0c92db61.jpg, 0, 0, 0, 1
0001103_jpg.rf.7677a5b3e5d907ed4eedcfad850196f1.jpg, 0, 1, 0, 0
1290_jpg.rf.7684f5106f63f9c20bd7b7f15c7720d3.jpg, 1, 0, 0, 0
00011828_jpg.rf.7661cd74e957581ce9b311617d492b2a.jpg, 0, 0, 1, 0
1728_jpg.rf.769a01a785c1457b933d52b0a6936ecb.jpg, 1, 0, 0, 0
0001437_jpg.rf.76c1aebefe781e265d729f1bb7551f11.jpg, 0, 0, 0, 1
00011769_jpg.rf.779c751a9472db37609a2fabd4e6c660.jpg, 0, 0, 1, 0
11861_jpg.rf.76f8098742a4eff164e17115c809db3f.jpg, 0, 1, 0, 0
0001608_jpg.rf.77b620e4cdb60b6d6d0d6caedcdab8b7.jpg, 0, 0, 0, 1
0001888_jpg.rf.77ee3c90fa3ded88a6c3fe46ee6a48fe.jpg, 1, 0, 1, 0
11349_jpg.rf.77f6d72a7365db7f2e1d06d316c9605a.jpg, 0, 0, 1, 0
0001342_jpg.rf.78243979d581372991b91d3e9ef72d0a.jpg, 0, 0, 0, 1
00011543_jpg.rf.77fbeaaa43d764fb625bcfef3565daee.jpg, 1, 0, 0, 0
0001798_jpg.rf.78445e0050ac94e8c294bdea975fc7fe.jpg, 0, 0, 1, 0
00011108_jpg.rf.78107720dfda4092dd788fa8c5269eff.jpg, 0, 0, 1, 0
0001141_jpg.rf.78a460a8c4b4b353c46bc60746b7931e.jpg, 0, 1, 0, 1
11319_jpg.rf.78d0c0f06e7ee983078a42aa6de85883.jpg, 0, 0, 0, 1
1257_jpg.rf.78c8d2f8a738a0c0899779597faae30b.jpg, 0, 0, 1, 0
0001823_jpg.rf.78e98e54999fa6acfe565941c6a0ac36.jpg, 1, 0, 0, 0
0001179_jpg.rf.7856c6dc7c66d400d0a9866cd7f3ceda.jpg, 0, 1, 0, 0
11195_jpg.rf.790b4716e06bf757a0132e6c1825759a.jpg, 1, 0, 0, 0
0001939_jpg.rf.79cb1f21608426978cb46d0e9818cb8c.jpg, 0, 0, 0, 1
0001623_jpg.rf.794569d5394f5a4eafaf41ee5584ed66.jpg, 0, 0, 0, 1
00011869_jpg.rf.79d6bbc70a5e6a2340520a40df866df0.jpg, 0, 0, 1, 0
0001127_jpg.rf.7a0050d12d1b5fce446807708a5af3f5.jpg, 0, 0, 0, 1
11205_jpg.rf.79f65ec258d2a8257c8ac41c16092188.jpg, 0, 1, 0, 0
00011438_jpg.rf.7a360bb52bad7c855de6b2ace76bfb5b.jpg, 0, 0, 1, 1
0001515_jpg.rf.7a1888647766130cc42750d1e6d9d483.jpg, 1, 0, 0, 0
0001237_jpg.rf.7a87354ad335ffc92692d5cde2e7845b.jpg, 0, 1, 0, 0
0001641_jpg.rf.7b5a5a8f87d2a9014ea965ba0b3d06e5.jpg, 0, 1, 0, 0
00011791_jpg.rf.7b79809c96d867cc49bb14b5c0cd2c0b.jpg, 1, 0, 0, 0
11107_jpg.rf.7ad292e2fc9e2907b555aca57e4e22de.jpg, 0, 0, 0, 1
00011259_jpg.rf.7bd1eca407f1886c08c5c97bf4a95a36.jpg, 0, 0, 1, 0
00011870_jpg.rf.7bc1ea2e75dc3f22eddb5b8651963a2c.jpg, 0, 0, 1, 0
11194_jpg.rf.7bb0192bfa39fdfc79c47479c5d6758d.jpg, 0, 1, 0, 0
00011167_jpg.rf.7b890006c871b23124f78b3c91eb8a10.jpg, 0, 0, 1, 0
0001244_jpg.rf.7bd8cdd1cd8fbe91f7286cb718b918a1.jpg, 1, 0, 0, 0
1852_jpg.rf.7c249048dca9b9d16a52d9414190c7fd.jpg, 0, 0, 0, 1
00011895_jpg.rf.7c2f422c31a8d25a56d7b926a78e78e0.jpg, 0, 0, 1, 0
00011054_jpg.rf.7bd80a10cec583679bc68d8d01d5c42e.jpg, 0, 0, 1, 0
1613_jpg.rf.7c82884cc558cfc433dc44a98a5c9b74.jpg, 0, 1, 0, 0
1188_jpg.rf.7c5b07430425bd39b67ee37176bc7072.jpg, 1, 0, 0, 0
1917_jpg.rf.7c784417265cbb1c1e2d2ce5cfef1c99.jpg, 1, 0, 0, 0
142_jpg.rf.7c7289ced3bf01866be1d1ef7a5a5ac0.jpg, 1, 0, 0, 0
11346_jpg.rf.7c92ab599e714ccc10823145a0340c00.jpg, 1, 0, 0, 0
1770_jpg.rf.7c9f2ac9c7a8cf7c202f0731e98c6f69.jpg, 0, 0, 0, 1
00011754_jpg.rf.7c94b4417686a9bf8123867040acdad3.jpg, 0, 0, 0, 1
11214_jpg.rf.7cbbb33a03598267040544c882b7ced6.jpg, 1, 1, 1, 0
00011917_jpg.rf.7cd2586b42e8b16145b9e1ae0a5bf502.jpg, 1, 0, 0, 0
0001532_jpg.rf.7cf79585bb239292df8148ecdb3ef762.jpg, 0, 0, 1, 0
11932_jpg.rf.7cd7745080ba632974c55e0268737ace.jpg, 0, 0, 0, 1
11004_jpg.rf.7d4e0a0170df912bc46604b9a78ffb43.jpg, 0, 0, 0, 1
11192_jpg.rf.7da7480619635d89c8fc12bd262c9ed3.jpg, 0, 1, 0, 0
0001676_jpg.rf.7daf4c7eb3be36830cc9e34d812ef913.jpg, 1, 0, 0, 0
11605_jpg.rf.7d69b34ae3f70e10a996b715ca8235ff.jpg, 0, 0, 1, 0
0001729_jpg.rf.7dc72c05664b79114021620b0314707a.jpg, 0, 0, 1, 0
0001799_jpg.rf.7de3645f0a239cd626799518b6a7a054.jpg, 0, 1, 1, 0
1806_jpg.rf.7e3d202ff4f2404fea8df51d3995d50b.jpg, 1, 0, 0, 0
11980_jpg.rf.7e447c5054a25ce732dca0380d7dfbb5.jpg, 1, 0, 0, 0
00011407_jpg.rf.7e7b79bffd6bb55fbe03a869fe58c096.jpg, 0, 0, 0, 1
171_jpg.rf.7e61aca266d49b4ca3cc7b897e7feb9e.jpg, 1, 0, 0, 0
00011103_jpg.rf.7de45b95dbeda48c9fb82f7587d696b3.jpg, 1, 0, 0, 0
00011203_jpg.rf.7e4844f0a1c631b77e00f9f13df592cb.jpg, 0, 0, 0, 1
1133_jpg.rf.7ecff81e0208557959735fd07e222315.jpg, 0, 0, 1, 0
0001256_jpg.rf.7f06cf2d5079079cf700cdeaf46e4d93.jpg, 1, 0, 0, 1
00011284_jpg.rf.7f210c20813bccf7384d5e2069b9054f.jpg, 1, 0, 0, 0
0001835_jpg.rf.7f181051b24b15225449d76d0c2a59dd.jpg, 0, 0, 1, 0
11686_jpg.rf.7f358f5715e4fb79ff1a6f46386e5b30.jpg, 0, 0, 1, 1
000181_jpg.rf.7f9af1d4cff79f769434558b8a248042.jpg, 0, 0, 0, 1
00011675_jpg.rf.7fd56d3b70556daccfe4280be195ade4.jpg, 0, 0, 0, 1
0001244_jpg.rf.7f6b5a27634688b2c6910bb52e3934c2.jpg, 1, 0, 0, 0
11974_jpg.rf.7fdaca86bbf9d4e4f5a46f36dfbf114d.jpg, 1, 0, 0, 0
00011663_jpg.rf.7ff9780b67e83ac8d95f9e869b0c0f73.jpg, 0, 1, 1, 0
11161_jpg.rf.806563f63c5b159a1c963e00ad13f174.jpg, 0, 1, 0, 0
00011105_jpg.rf.8066d0cc433a294c9455ba0a891117d4.jpg, 1, 0, 0, 0
1719_jpg.rf.807bf7c595c805e14463d02392445b5c.jpg, 0, 0, 1, 0
1344_jpg.rf.807c28f149aa766c8b2f42af6522377e.jpg, 0, 0, 0, 1
0001560_jpg.rf.80c49b583f8a742bec5631c10e3c0c4a.jpg, 0, 0, 0, 1
00011052_jpg.rf.807cb7f60556090c28d2693b6ca1f3f4.jpg, 0, 0, 0, 1
0001116_jpg.rf.80bedc443445bc26c98d60339e88d769.jpg, 1, 0, 0, 0
0001939_jpg.rf.80f0468b9fafd52ae32178e8febddd52.jpg, 0, 0, 0, 1
00011473_jpg.rf.8125d8158cf990315de57e63c3a11c3b.jpg, 0, 0, 1, 0
00011682_jpg.rf.811e7791aaafa5781fcaf97ae4915e42.jpg, 0, 0, 1, 0
0001703_jpg.rf.813b721ef53afef96cc50770121fc888.jpg, 0, 0, 1, 0
11459_jpg.rf.815572ceb0dcc646decb1ace24e38366.jpg, 0, 0, 1, 0
0001506_jpg.rf.81753850a6400119b47aab02bd549126.jpg, 0, 0, 1, 0
00011969_jpg.rf.81b95978c72f12688e63e96064d19211.jpg, 0, 1, 0, 0
0001624_jpg.rf.81c03c9afaf3c09850a420beab6fce4a.jpg, 0, 0, 1, 1
11381_jpg.rf.81f4246a5f86735345d1ac9adb511c1a.jpg, 1, 0, 0, 0
11588_jpg.rf.821682e85fe73991013e6fb1e3d51a01.jpg, 0, 0, 0, 1
00011008_jpg.rf.81f7609af420f2bbced5b5ffcfd1835b.jpg, 1, 0, 0, 0
0001643_jpg.rf.823a160109d79aa6b224ebb55b91f3b0.jpg, 0, 0, 0, 1
11897_jpg.rf.821ecb3e7931b41ab585e89027286cab.jpg, 1, 0, 0, 0
000110_jpg.rf.8253ddd38a7b10f6a9fe2a0eefb5c207.jpg, 0, 0, 1, 0
11819_jpg.rf.82824d98cac3ce3fb568e6f133d2cfed.jpg, 0, 0, 0, 1
0001796_jpg.rf.82d4e581bc3f5cf1cc9976bbec19aac0.jpg, 0, 0, 1, 0
00011305_jpg.rf.82e446ed8decc581fab554901fca21f8.jpg, 0, 0, 1, 0
1506_jpg.rf.82fdffaee3d8ea77190cb608bf6a5b24.jpg, 0, 0, 1, 0
00011885_jpg.rf.8320bb023d40a2d7b22dc26db736de35.jpg, 0, 0, 1, 0
0001913_jpg.rf.830c323b8fa42e5a6ba9e41bb696fb35.jpg, 1, 0, 1, 0
0001600_jpg.rf.839fc1b649b1fd9d8ce7a1e018dad23f.jpg, 0, 0, 1, 0
00011600_jpg.rf.83f821c7f41e75fa46ec35b8965291bd.jpg, 0, 0, 0, 1
0001953_jpg.rf.82f4a298bb8e2879acd4000bfb12a667.jpg, 0, 0, 1, 0
00011949_jpg.rf.83c67c3151cbe4ac79aeda6629da052a.jpg, 1, 0, 0, 0
11667_jpg.rf.83f4fb611447ce8bd30509e71bf2c0a3.jpg, 0, 0, 1, 0
11239_jpg.rf.84d8511bc58888328e3f4aea148adb72.jpg, 0, 0, 0, 1
000114_jpg.rf.8454a0db1c6e878a47f72135ee226d6a.jpg, 0, 0, 0, 1
0001345_jpg.rf.84c7b6e7eaa12a0c9ca18fefe71508e7.jpg, 1, 0, 0, 1
0001557_jpg.rf.83fc77e26fec86db11baddfb27cad2a4.jpg, 0, 0, 0, 1
11266_jpg.rf.8533fb070d816993f458b9fdf29f0402.jpg, 0, 0, 0, 1
0001294_jpg.rf.8538a4e3763ff7726165c27da67f4fd7.jpg, 1, 0, 0, 0
00011331_jpg.rf.85390f65b84fc11151e42367b654a20a.jpg, 0, 1, 0, 0
0001469_jpg.rf.854b30e098b8165245494fac0753c849.jpg, 0, 0, 1, 0
11175_jpg.rf.8550f0cbf500f1eba25a52cc6c8bc18b.jpg, 0, 1, 0, 0
1608_jpg.rf.855ee4e873cbb8010496564c8e09cdf3.jpg, 0, 0, 1, 0
00011779_jpg.rf.8559e18c12d16bbd8b484ff33ce8edba.jpg, 0, 0, 1, 0
0001592_jpg.rf.8576707a3d6610dac4ba55bbc365749a.jpg, 0, 0, 1, 0
0001996_jpg.rf.85ce8e7725a7b882677bf428e2831012.jpg, 0, 0, 0, 1
11971_jpg.rf.857ec962bd60d0df4882a93831a341c1.jpg, 1, 0, 0, 0
11364_jpg.rf.85f381984c67a54f0ec32fc09a6a10b9.jpg, 1, 0, 0, 0
00011832_jpg.rf.861cbdbd6a4ea4798fe5b3b12eb2f1d4.jpg, 0, 0, 0, 1
0001187_jpg.rf.86303be62394a7f4827fead8e4d069db.jpg, 0, 1, 0, 0
00011012_jpg.rf.864890880afa5bcd88af9a7c4bf2ed35.jpg, 0, 0, 1, 0
11516_jpg.rf.862a4f4550fd257aaff0dd0079d21a24.jpg, 0, 0, 1, 0
1765_jpg.rf.865d5d112843ae8efe1caffda1f0fab0.jpg, 0, 0, 1, 0
00011250_jpg.rf.8674909a0fdda70e19b7e0e2f23c9d1d.jpg, 0, 0, 0, 1
0001943_jpg.rf.86a242ea747b70ddf2c457615658cef4.jpg, 0, 0, 1, 0
0001572_jpg.rf.869f590fec8755ab8bf0326de655dd0b.jpg, 0, 0, 0, 1
00011641_jpg.rf.86afe951afb72ce568b634aa42382471.jpg, 1, 0, 0, 0
00011621_jpg.rf.86ea78160f42173136ab3dc72176052a.jpg, 0, 0, 1, 0
0001322_jpg.rf.86c2ca39d3f2c547be4207eeef40c6a7.jpg, 0, 0, 0, 1
0001500_jpg.rf.87141a2e03e0f4b7764ebb9ff6ecd3d7.jpg, 0, 0, 1, 0
1100_jpg.rf.87235fab85033c60970761b6c56a4bc3.jpg, 0, 0, 1, 0
00011654_jpg.rf.875c37fcdfd70070aa1dff35ed5fa488.jpg, 0, 0, 1, 0
00011076_jpg.rf.873694e19dab69c8072922877b09c9ab.jpg, 0, 0, 1, 0
00011308_jpg.rf.876e8bfc571ceeaac8640e1029182f4f.jpg, 0, 0, 0, 1
0001789_jpg.rf.877c4c92a4a3950c076f66de8819f57c.jpg, 0, 0, 0, 1
0001253_jpg.rf.8783ffa53c2b3eb4b0d2bbc88a290001.jpg, 0, 0, 0, 1
00011236_jpg.rf.87d26a91283a261e9b63bfedee7267b3.jpg, 1, 0, 0, 0
1776_jpg.rf.87e18818f9f78ad69c77be00bc71f180.jpg, 0, 0, 1, 0
00011627_jpg.rf.88764b21306932aa0773924db3d301e3.jpg, 1, 0, 0, 0
00011042_jpg.rf.88390735fe73f08218a2b84adee44bf9.jpg, 0, 0, 1, 0
1577_jpg.rf.87e3eedcc0ba06caf957f4c173b5862a.jpg, 0, 0, 1, 1
11658_jpg.rf.883a96c0bc1058e62d7e5ad4c28371ea.jpg, 1, 0, 0, 0
00011658_jpg.rf.888f55b57295ebb2c2ed45b8cfaff86b.jpg, 0, 0, 0, 1
11439_jpg.rf.8888613725e810b54349ca6dd7f5b885.jpg, 1, 0, 0, 0
11989_jpg.rf.88876138f5eb9ebc55aee984c368681b.jpg, 0, 0, 1, 0
11050_jpg.rf.8897e3c3d87e375cdb02b97614fb9061.jpg, 1, 0, 0, 0
0001329_jpg.rf.8913f7fda845b5108c8a41a45684e5bd.jpg, 0, 0, 0, 1
00011274_jpg.rf.88cabfb343f2a9b3ab53bbd471412297.jpg, 0, 0, 0, 1
0001444_jpg.rf.891807cc7159426118f4640ba076842d.jpg, 0, 0, 0, 1
0001281_jpg.rf.88f37080096566689c462548e7de5b9d.jpg, 0, 0, 0, 1
1379_jpg.rf.8961c16e3c845a89518c5945a880e595.jpg, 0, 0, 0, 1
0001463_jpg.rf.89a60a20b907674a2a582cee271bea73.jpg, 1, 0, 0, 0
11008_jpg.rf.89b85f579ae971208546b9de4d25bc22.jpg, 0, 0, 0, 1
11865_jpg.rf.89d5baf93250bec19c5c0452d874b707.jpg, 1, 0, 0, 0
168_jpg.rf.8a644656c0f44b5b1841570bc52e0224.jpg, 0, 0, 1, 0
1495_jpg.rf.8a2afe657f971aa1d46d18b581b1523f.jpg, 0, 0, 1, 0
0001766_jpg.rf.89deb52d20a9732b523e0345dcd1be66.jpg, 1, 0, 0, 0
00011211_jpg.rf.8a5d53d1431959bb3538a57e0740f18b.jpg, 0, 1, 0, 0
00011_jpg.rf.8aa67e81031a4691b764b264501721fa.jpg, 1, 0, 0, 0
0001201_jpg.rf.89ae11bf650135b46b6b1509c7cbd87f.jpg, 1, 0, 0, 0
11078_jpg.rf.8aa6c77b6dd2b476e664a850ed912bc2.jpg, 0, 0, 1, 0
0001431_jpg.rf.8a9bfb9f91dbc81d829791b9b7c903ed.jpg, 0, 0, 1, 0
0001204_jpg.rf.8b2eb4dbadaf6ff5be731f6fbb557aa5.jpg, 1, 0, 0, 0
00011534_jpg.rf.8adad9cfaa3ddf2494c1e2708f56bbfe.jpg, 0, 0, 1, 0
00011480_jpg.rf.8aef47bda4a1f6055b901663247e9b7d.jpg, 1, 0, 0, 0
0001456_jpg.rf.8aba159933a8f2a85c73185fdbd7e698.jpg, 0, 0, 0, 1
11074_jpg.rf.8b26c728ff335f29c9e5c3e660fabd37.jpg, 1, 0, 0, 0
11530_jpg.rf.8af7be702e40e7ee27bd0bb48290a701.jpg, 0, 0, 1, 0
11519_jpg.rf.8b58de948b09c0a3b000205efacd565c.jpg, 0, 0, 0, 1
0001592_jpg.rf.8c1ae7e47e40fa3b81bf5d135f5a9483.jpg, 0, 0, 1, 0
1116_jpg.rf.8c30a050722965a99c834dae76ba1007.jpg, 0, 0, 0, 1
1273_jpg.rf.8c5ffe9d12e49a4108daa341aeb6ecb1.jpg, 0, 0, 0, 1
0001633_jpg.rf.8c9565eaebbce19865487125e3d527ff.jpg, 0, 0, 1, 0
11284_jpg.rf.8c3c3fd38c501f88104c3b92cceb3373.jpg, 1, 0, 0, 0
1680_jpg.rf.8c985b6de84e137f5a7f8bd5a8d1883a.jpg, 1, 0, 0, 0
1630_jpg.rf.8cdba6ea5d74294c27814f36b41d0c41.jpg, 0, 0, 1, 0
1981_jpg.rf.8caf67dca033b51235052a4197475e29.jpg, 0, 0, 0, 1
00011970_jpg.rf.8d2f581401f95e6d1c880c7246b49fdd.jpg, 0, 0, 1, 0
11663_jpg.rf.8c9f044a78740154a2bdb6214e162b02.jpg, 0, 0, 0, 1
1484_jpg.rf.8d6b13929b8f9a7e2b7e17b29b55fb62.jpg, 0, 0, 0, 1
0001113_jpg.rf.8d4d34fc1148f36c74616d6d15e93d5e.jpg, 0, 0, 1, 0
00011512_jpg.rf.8d2024c5e0eab356f686db88a0ced911.jpg, 0, 0, 1, 1
00011463_jpg.rf.8d7bf3793ef03541c7b8b2029053189e.jpg, 1, 0, 0, 0
00011453_jpg.rf.8d96918f06f580bfbf1e4320708aac24.jpg, 1, 0, 0, 0
1362_jpg.rf.8da02cf4ec70fadf1326b87ff65fea49.jpg, 0, 0, 1, 0
11581_jpg.rf.8debe527d43955a6cfa1d5ed671909b3.jpg, 1, 0, 1, 1
11063_jpg.rf.8dfa10ba3d9d2744f6c27a70bd345578.jpg, 1, 0, 0, 0
0001764_jpg.rf.8e07316544739956b48b3fed28b0c6e8.jpg, 0, 0, 1, 0
0001757_jpg.rf.8e060bcf9dd4527fe23ae7dc796e39af.jpg, 0, 0, 1, 0
0001941_jpg.rf.8e2d50e653a0af80ad05efe44c93a926.jpg, 0, 0, 1, 0
00011489_jpg.rf.8e3bd8ef7835f05429b94832ea379473.jpg, 0, 0, 0, 1
0001362_jpg.rf.8e50c16dcf7dff582e9f07ff0ab39437.jpg, 0, 0, 0, 1
00011874_jpg.rf.8e6570dd0a0277f5c44614751e4b8855.jpg, 0, 1, 0, 0
0001437_jpg.rf.8e54996e6d202ae1f78bdf994a97ff1d.jpg, 0, 0, 0, 1
1169_jpg.rf.8e65a40cad956f1304e248106dbf7293.jpg, 1, 1, 0, 0
11616_jpg.rf.8e7634947683d72d2613ec414281b7c5.jpg, 0, 0, 1, 0
000181_jpg.rf.8ea5a80dffdb0781726aba6f0821708f.jpg, 0, 0, 0, 1
00011123_jpg.rf.8e9503329653cfb2f95f81003d1ac24b.jpg, 0, 0, 1, 0
11306_jpg.rf.8eb68f0d1c587ce736d30727257c1bcd.jpg, 1, 0, 0, 0
0001332_jpg.rf.8eed9e6ab67dae47b6771b7c361dc0a4.jpg, 0, 0, 0, 1
118_jpg.rf.8ed4153076c131098199b5e822aed139.jpg, 0, 0, 1, 0
0001243_jpg.rf.8f0eb233fbfc978b64eead5df1fbba7c.jpg, 0, 1, 0, 0
00011600_jpg.rf.bd5b548237dcbb5514b741178d29d4f9.jpg, 0, 0, 0, 1
00011895_jpg.rf.be213411e5de6adfd5220d7711eb5194.jpg, 0, 0, 1, 0
11492_jpg.rf.bdd176696e348d224f0eb446937c7e2f.jpg, 0, 0, 1, 0
11357_jpg.rf.bf6d0a4a2ba8ae744767015b81169644.jpg, 1, 0, 0, 0
0001586_jpg.rf.be4e5351a470670d4d2e76ffca0e7cbe.jpg, 0, 0, 0, 1
00011067_jpg.rf.be1ce949f941fa49d0942215c857ebb2.jpg, 1, 0, 0, 0
11037_jpg.rf.bda0584ec6ee598fcf9e945fc275989f.jpg, 1, 0, 0, 0
1541_jpg.rf.beea7ac7fe828e10e53b725d88d987e6.jpg, 0, 0, 1, 0
00011256_jpg.rf.be9f4b74dd1e0a3a54568c02cff24025.jpg, 1, 0, 0, 0
1963_jpg.rf.befe7b41181e345b2fb9a4a86d540353.jpg, 0, 0, 1, 0
0001588_jpg.rf.bf67334224fcd7f22e86d242a12640c1.jpg, 0, 0, 0, 1
1568_jpg.rf.bda3b46a70ed4122130aaefa15d42d25.jpg, 1, 0, 1, 0
00011643_jpg.rf.bdfc8adcf339c55d820cc7e173fa40ba.jpg, 0, 0, 0, 1
0001429_jpg.rf.be5dca39fe9463551268172c1221c717.jpg, 1, 0, 0, 0
0001491_jpg.rf.bdae304386732bf4305440bd0d2df464.jpg, 1, 0, 0, 0
00011610_jpg.rf.bd7cdf18051fb9650907c74ad06eb9b2.jpg, 1, 0, 0, 0
00011293_jpg.rf.be8ac59c06f08ce76c2fc79045d9aea6.jpg, 0, 1, 0, 0
11738_jpg.rf.bf2e86364712312001f91f65d71653ac.jpg, 0, 0, 1, 0
1675_jpg.rf.bf85b044e056cdbd1ae855e7171c03a2.jpg, 1, 0, 1, 0
0001946_jpg.rf.be33103a80aff28573f8637c733dc8ca.jpg, 0, 0, 0, 1
0001555_jpg.rf.be96cbfb6767e762a4509d196b9f9b8f.jpg, 0, 0, 0, 1
0001158_jpg.rf.bfc7cfeaa06b4d86c83cd7d0d5b98832.jpg, 1, 1, 1, 1
00011806_jpg.rf.bdb7c6a2e9d233fa59b41bd00b58a519.jpg, 0, 0, 0, 1
00011977_jpg.rf.be9bdcf600bf75117d74b28781da81de.jpg, 0, 0, 1, 0
00011801_jpg.rf.bfcb1d5c3ad67b1f0ab9808164910408.jpg, 0, 0, 1, 0
00011093_jpg.rf.bfe3a17aca52eb03dbc234a18394770a.jpg, 0, 0, 1, 0
0001907_jpg.rf.bfc2f19518536a8210af913cee4bfe29.jpg, 0, 0, 1, 0
00011373_jpg.rf.bf96579efa653a4fc5fc413f2d831252.jpg, 1, 0, 0, 0
0001539_jpg.rf.bf951c4bb6c0cc43fd4589187d326359.jpg, 0, 0, 0, 1
00011473_jpg.rf.bfe3b1d74e086496b97c0d38953959a1.jpg, 0, 0, 1, 0
0001416_jpg.rf.c022197876fb8aabb14a4bc1b1471792.jpg, 0, 0, 1, 0
0001113_jpg.rf.c024430d6342d3ce17678e320df6ff32.jpg, 0, 0, 1, 0
0001925_jpg.rf.bfee529ab86b91f1ebfc442423c89372.jpg, 0, 0, 0, 1
11630_jpg.rf.c07f24b121d438fb35162ad1b890f930.jpg, 1, 0, 1, 0
1934_jpg.rf.c0d1b2cb6b358fd49abd87e1a4e1a8a6.jpg, 0, 0, 1, 0
0001109_jpg.rf.c06890f557b28162d80e1ddd0e3969f2.jpg, 0, 0, 1, 0
00011483_jpg.rf.c0bb1218810fe02dc7de4243e6718fc8.jpg, 0, 0, 1, 0
11372_jpg.rf.c102739c63c8525ad9a65c362bb565fb.jpg, 1, 0, 0, 0
0001419_jpg.rf.c123f37eed407401db7fa3951c51b08a.jpg, 0, 0, 0, 1
0001219_jpg.rf.c12a2c0bab19f955053f1ec88517ab9d.jpg, 1, 0, 0, 0
00011746_jpg.rf.c11cd07f5c29a01df26f657d4897171b.jpg, 0, 0, 1, 0
0001101_jpg.rf.c143f2ab8a7698a8fd4e032874c3cb98.jpg, 1, 0, 0, 0
00011598_jpg.rf.c1590e80cd6855a1bfe2d39bcdba0110.jpg, 0, 0, 0, 1
0001129_jpg.rf.c154b27ded00f62f3d6144b0696b4782.jpg, 1, 0, 0, 0
11712_jpg.rf.c167a59a0037938fa6c28dfd196be31b.jpg, 0, 0, 0, 1
1457_jpg.rf.c19d7d99cca4ba0ccd13305ed3fb823e.jpg, 0, 0, 1, 1
0001731_jpg.rf.c175a647c0dc54eb33aa0edd2f2bea81.jpg, 0, 0, 1, 0
1201_jpg.rf.c1789f9e190adc161ba922c018936033.jpg, 0, 0, 1, 0
0001641_jpg.rf.c1f06a0a813467690d49da3192bf7c7d.jpg, 0, 1, 0, 0
0001206_jpg.rf.c26ac38fad72055d0ddbab9b41fe7249.jpg, 1, 0, 0, 0
00011572_jpg.rf.c21b6f94eab9762bddb2d9e91c19f3a3.jpg, 0, 0, 1, 0
00011347_jpg.rf.c2d3d4eea5bbc4452620a9591f30c2cb.jpg, 0, 1, 0, 0
00011430_jpg.rf.c2e3c9071f8df0866b75e057a2d2aa29.jpg, 0, 1, 0, 0
00011461_jpg.rf.c2d53ce54af865f503d11d560b30c1c0.jpg, 0, 1, 0, 0
1293_jpg.rf.c2ee3e209f4855f9350ed1e8b6366f5e.jpg, 0, 0, 1, 0
0001671_jpg.rf.c22315c0cea54e18b058ce61e67f2bf7.jpg, 0, 0, 1, 0
0001296_jpg.rf.c2f96264e0f383b0c3df363d797ff8ab.jpg, 1, 0, 0, 0
11921_jpg.rf.c31a1aa4136e648e62dcb005138b38e0.jpg, 0, 0, 0, 1
0001320_jpg.rf.c2946b8a519b9e69ed0693158e84c7de.jpg, 1, 0, 0, 1
11225_jpg.rf.c3131c91a7b671fb7370aab7ae06c708.jpg, 0, 0, 0, 1
0001917_jpg.rf.c34247fb49ae0a4c18dfaf37077da302.jpg, 0, 0, 1, 0
11497_jpg.rf.c357cdcef32d0a9dfc4f20221bc30dfc.jpg, 1, 0, 0, 0
00011482_jpg.rf.c3a04b186cffae0599450f36c53c7677.jpg, 1, 0, 0, 0
00011181_jpg.rf.c364309a440f1dae49d57174c13327ee.jpg, 0, 0, 0, 1
0001379_jpg.rf.c3aab17438009c240fa544150e530194.jpg, 1, 1, 0, 0
00011161_jpg.rf.c3c3de4df06855e83b087826355f860b.jpg, 0, 1, 0, 0
00011528_jpg.rf.c3dee725e5bcc3d7a558e2c83c28e6a9.jpg, 0, 1, 0, 0
1512_jpg.rf.c3d0d33397f3062159ef72b47d1ff01d.jpg, 1, 0, 0, 0
144_jpg.rf.c3ff8768486df4514ef1e96b6de55bf3.jpg, 0, 0, 1, 0
0001454_jpg.rf.c40db2fc4260d50fd27f6944f37c0dc4.jpg, 1, 1, 0, 0
00011355_jpg.rf.c45c118d20cc77c48fe7a83dd4812924.jpg, 0, 1, 0, 0
11871_jpg.rf.c4292ece1bd0c1b05da856bbc853ba43.jpg, 0, 0, 1, 1
11103_jpg.rf.c405863cbf80822128ba3932bd227d32.jpg, 0, 0, 1, 0
00011008_jpg.rf.c45de206fa1b5a45da16ec3778d83050.jpg, 1, 0, 1, 0
00011880_jpg.rf.c4bca40eb6099f56e334f1e40c1777fc.jpg, 1, 0, 0, 0
1304_jpg.rf.c4e64dc2cae6341566c11722b7daf2de.jpg, 0, 0, 1, 0
0001870_jpg.rf.c4f5b4babb88fab9c0cb5072842c599d.jpg, 1, 0, 0, 0
1342_jpg.rf.c56bd735fd565b00b69ee852b2d7e4f6.jpg, 0, 0, 1, 0
0001206_jpg.rf.c5a6eb5ca2ed22c84bc6597228834f95.jpg, 1, 0, 1, 0
00011527_jpg.rf.c57be2ae04840977eec51e8e7145475f.jpg, 0, 0, 1, 0
11181_jpg.rf.c547dc7071daeea511c28434aa5cb69b.jpg, 0, 1, 0, 0
00011436_jpg.rf.c5a9c5d51d8036e785715dbef872ad8c.jpg, 0, 0, 0, 1
0001171_jpg.rf.c5dc4f4150637b4fab44a0461f809453.jpg, 1, 0, 1, 1
1723_jpg.rf.c5d95e2c3e53e0f02d154483d1527c2b.jpg, 0, 0, 0, 1
000165_jpg.rf.c5b50805297e2a8e24b08d46fc6ae0f2.jpg, 1, 0, 0, 1
0001475_jpg.rf.c5dcb6e507ac71926a21d184eebaf59d.jpg, 0, 0, 0, 1
1526_jpg.rf.c5dfdfa367e0389c59ed697650858494.jpg, 0, 0, 1, 0
11765_jpg.rf.c61b752b10489fa559f859166c3dc430.jpg, 0, 0, 0, 1
0001845_jpg.rf.c5f6cdb1e9319e6ad8d85b6da3c97e31.jpg, 0, 0, 1, 0
0001280_jpg.rf.c6b7bd83ff6f85569e7c0282475a28a4.jpg, 1, 1, 0, 0
00011096_jpg.rf.c6313c7167bdd93393561c115d9399be.jpg, 0, 0, 1, 0
195_jpg.rf.c67b7a96a85fa896945c73445dba47fa.jpg, 0, 0, 1, 0
00011060_jpg.rf.c6b858963360dad69b578191c83c2ac3.jpg, 0, 0, 1, 0
1449_jpg.rf.c6c3deb8e5ebf79c67547102a766ad28.jpg, 0, 0, 0, 1
0001348_jpg.rf.c78ee9244d4eb5b36c23560ea2a335a8.jpg, 0, 0, 0, 1
00011286_jpg.rf.c776928d7ef0a37c73d9f136ea759fee.jpg, 1, 0, 0, 0
00011405_jpg.rf.c79dc11505e47c111cb86da94354363d.jpg, 1, 1, 0, 0
11083_jpg.rf.c7a04d9e8f42cd57e096edfadfb392f8.jpg, 0, 0, 1, 0
00011621_jpg.rf.c7d9a096c4f813f4f0aedd84d1cda8e2.jpg, 0, 0, 1, 0
1734_jpg.rf.c82225767a8e5ac997129d0617b21ef5.jpg, 1, 0, 1, 0
11048_jpg.rf.c7a267e08d16e61fb88242926af6c631.jpg, 0, 0, 1, 0
0001733_jpg.rf.c83d847ce95a42d3754a1b7a90a7cd5d.jpg, 1, 0, 0, 1
0001522_jpg.rf.c88e321a058be9ab076b5dee9a3c8567.jpg, 0, 0, 0, 1
0001818_jpg.rf.c894d90298dc84f30874ed6f60d6e685.jpg, 1, 0, 0, 0
140_jpg.rf.c8c1dc1f277d5949ed1876bbeb5a20bb.jpg, 0, 0, 0, 1
00011448_jpg.rf.c9027f350e33b14cb4d515d3842d3122.jpg, 0, 0, 0, 1
1867_jpg.rf.c8c31aa7bec2941033fbca236420a2d4.jpg, 0, 0, 1, 0
1573_jpg.rf.c94e1f9f3ac0a2350f5fdf0e48dbc3a4.jpg, 0, 0, 1, 0
0001651_jpg.rf.c9998170a925bbcc5f6ac79f0576a90a.jpg, 1, 0, 0, 0
0001631_jpg.rf.c9db976a28ff8262363a77efc7388325.jpg, 0, 0, 1, 0
0001737_jpg.rf.c9badd6d2e12845db1735511332b1393.jpg, 1, 0, 0, 0
00011702_jpg.rf.c99bf33f5056cbeafaf3ffcb45009bb2.jpg, 0, 0, 1, 0
1617_jpg.rf.ca19671f22f999e43e4860813583515f.jpg, 1, 0, 0, 1
00011591_jpg.rf.ca3071dc45f4c88d905b3c27961e6215.jpg, 0, 0, 1, 0
0001881_jpg.rf.c9edc3569f4296f917726b56ccdbd439.jpg, 1, 0, 0, 0
0001288_jpg.rf.ca371a48a45ad83b27c0f0c0ad742013.jpg, 0, 0, 0, 1
00011320_jpg.rf.ca2e5083d08bcc60085f11f31c9e7c2b.jpg, 1, 0, 0, 0
00011259_jpg.rf.cb124313a67712527e8556b0df060592.jpg, 0, 0, 1, 0
1326_jpg.rf.ca5e53e19f08c1060db8eade21993f7b.jpg, 1, 0, 0, 1
0001274_jpg.rf.cab66ba30d3cfdec6c22b20f93728af7.jpg, 0, 0, 0, 1
111_jpg.rf.cb04e878267925cbfbc682c207ac36db.jpg, 0, 0, 1, 0
0001898_jpg.rf.cb2188841a618c56cb598962423cf5b3.jpg, 1, 0, 0, 0
11336_jpg.rf.cb713bb208859bf5efe67ea5e184a43f.jpg, 1, 0, 0, 0
11078_jpg.rf.cb5d15d185ff56da4dba53146f1543b9.jpg, 0, 0, 1, 0
00011927_jpg.rf.cb92472ad9ac7097239f5eadf032ddd9.jpg, 0, 0, 0, 1
00011046_jpg.rf.cbb16a298dd51ce027fbffd46b60c106.jpg, 0, 1, 0, 0
11455_jpg.rf.cbc65cbfc4a37d3a4a0932e68e774e3f.jpg, 0, 0, 1, 0
00011074_jpg.rf.cc02e75e982a993f3405793738924d5e.jpg, 1, 0, 0, 1
1661_jpg.rf.cc03146a15d640dce078b8622c7facd5.jpg, 0, 0, 0, 1
0001530_jpg.rf.cc22fbd1b8acefd2fabdc0ae9ec4a352.jpg, 0, 0, 0, 1
00011081_jpg.rf.cc63be412b8568c19ae52bdc08bb07df.jpg, 0, 0, 1, 0
1795_jpg.rf.cc0cf820a031806e05c9c33ffcb6d912.jpg, 0, 0, 0, 1
00011576_jpg.rf.cc87d35f2d35919dcc6a11f052bf9dda.jpg, 0, 0, 1, 0
00011512_jpg.rf.cce28e3879e551da2476594e7d9229ad.jpg, 0, 0, 1, 0
1206_jpg.rf.cca24f8279498fc37100719a1af03c53.jpg, 0, 0, 1, 0
0001256_jpg.rf.cc948ff1d7570459ad125639a909edc5.jpg, 1, 0, 0, 1
1195_jpg.rf.cd057eb4bc2c1b36b9e77ac11c0b97da.jpg, 0, 0, 0, 1
11987_jpg.rf.cd61df7298f5fb1af06be38537f44712.jpg, 1, 0, 0, 0
0001666_jpg.rf.cd687e248a3a9c1ca70661ec92b7861f.jpg, 0, 0, 1, 0
00011946_jpg.rf.cd87478bd844a24dd2fae8423299790b.jpg, 0, 1, 0, 0
11039_jpg.rf.cd95561629d5d8e138cabd96fa308037.jpg, 1, 0, 0, 0
11137_jpg.rf.cdca95b2490d5c189afdc369343087cc.jpg, 0, 1, 0, 0
11660_jpg.rf.cdce16629f29c907b82e0adfe62aff09.jpg, 1, 0, 0, 0
0001723_jpg.rf.cde947c09f87bac615caa96793834d93.jpg, 1, 0, 0, 0
0001409_jpg.rf.cdaf2e64ec02dd7a24cbb1186a925f2c.jpg, 1, 0, 0, 0
00011454_jpg.rf.cdead4f038d0f612dcf50e08e3dd56f7.jpg, 1, 1, 0, 0
00011652_jpg.rf.ce17d00f42955fd93bc59f94172a032f.jpg, 0, 1, 0, 0
00011028_jpg.rf.cdf8c42e3fea3348d60d51830dc92d87.jpg, 1, 0, 0, 0
0001167_jpg.rf.ce06d641ed8c6dbeef711a4147aaeb7b.jpg, 0, 1, 1, 0
0001303_jpg.rf.cee40fa01e43aaf1a256e415965cc1cb.jpg, 0, 0, 0, 1
11279_jpg.rf.ce2bded1b40b5b18551c5d9693dc9a82.jpg, 0, 0, 0, 1
0001487_jpg.rf.cec2705b0953c8dbe6e584aae6b62445.jpg, 0, 0, 0, 1
0001661_jpg.rf.cea0b48a91d08a1d8144fc56063111d0.jpg, 0, 0, 0, 1
11139_jpg.rf.cef1dbb7fc640778c75b4f2c44b9a85d.jpg, 0, 1, 0, 0
0001209_jpg.rf.ceeb9de78d46ecb67cf72ca795ecdce7.jpg, 0, 1, 0, 1
1717_jpg.rf.cef17c5584c8d535c9cdef9ecd99b03b.jpg, 0, 0, 1, 0
1306_jpg.rf.cee5dc1c848041533ca53a7426e6a194.jpg, 1, 0, 0, 0
00011635_jpg.rf.cf6c9b54a2fc4ffb0df506f40845314a.jpg, 0, 0, 1, 0
00011018_jpg.rf.cf306ee4247dd742edc2e7f566674a2c.jpg, 0, 0, 0, 1
00011001_jpg.rf.cf4834ff78d198ceb8b3011f3ba432b8.jpg, 0, 1, 0, 0
1106_jpg.rf.cf2ed87ca8030ae37f6b6f6e5e02d67e.jpg, 0, 0, 0, 1
11195_jpg.rf.cf770bce07b72a8f52c1ddb46ca3400e.jpg, 1, 0, 0, 0
11466_jpg.rf.cf9b98c94fe70f416b7d2cdc6ae91791.jpg, 0, 0, 1, 0
0001433_jpg.rf.cfa468a253b8366bcfd068e410aba34f.jpg, 0, 0, 0, 1
1451_jpg.rf.cf97f14f0b96a502ddcd809cbd24a80e.jpg, 1, 0, 0, 0
11508_jpg.rf.cfbb55fdfebcf15aa32984387c545fcf.jpg, 0, 0, 0, 1
1160_jpg.rf.cfb0132df4bd9ed161223830f0670b8d.jpg, 0, 0, 0, 1
00011331_jpg.rf.cfc81546d2fbfe0d14e37ebb28a0c25d.jpg, 0, 1, 0, 0
0001558_jpg.rf.cfd0afe4d666d25f0271adcc0c8fe294.jpg, 0, 0, 0, 1
0001903_jpg.rf.cff7b36244e5153b2be7dc51c8d2b8c1.jpg, 0, 0, 0, 1
0001175_jpg.rf.d04513761e5ac508c76a094a5c38c0c4.jpg, 1, 1, 0, 0
00011044_jpg.rf.d0049e457087e023bf4301e5f41f4d73.jpg, 0, 0, 1, 0
00011933_jpg.rf.d031ab7d55b9a57bdd1d196d469d83c9.jpg, 1, 0, 0, 0
0001253_jpg.rf.d05e6a675e29d484314ccd719295d293.jpg, 0, 0, 0, 1
00011333_jpg.rf.d07fa7b13472f5912a0f15c1d4db58e9.jpg, 0, 1, 0, 0
00011103_jpg.rf.d04b2530caed18926eaa03911d0fe578.jpg, 1, 0, 0, 0
00011278_jpg.rf.d08a940fd4e7d4b22d8f029c21ed4898.jpg, 0, 0, 1, 0
0001481_jpg.rf.d09fe3d6be45389292d5fed6b08efba1.jpg, 0, 0, 1, 0
00011709_jpg.rf.d0c662afd3fbad6df3cc70b4c72c9f6c.jpg, 0, 0, 1, 1
00011973_jpg.rf.d1a49b84d26f61759137a0903d7c59c8.jpg, 0, 0, 1, 0
11827_jpg.rf.d0c0919a384888862f1992f8b6e72d0e.jpg, 0, 0, 1, 0
0001399_jpg.rf.d1d06af5dd9d9304a9b8479552c8a16a.jpg, 1, 0, 0, 0
0001968_jpg.rf.d244fc8e7aec3791a7262189ec80dbd8.jpg, 1, 0, 1, 0
1120_jpg.rf.d2ea44d49443c8ade02745da837e1466.jpg, 1, 0, 0, 0
1122_jpg.rf.d229a5498fca3ebac2dae551c0d41ef7.jpg, 1, 0, 0, 0
00011430_jpg.rf.d39e185373a1fb42076dcd156edd8920.jpg, 0, 1, 0, 0
000173_jpg.rf.d3596185f109c55fcd78baa1ed73d3fc.jpg, 1, 0, 0, 0
1517_jpg.rf.d2ecbe277efb3f29acdf293682350ba7.jpg, 1, 0, 0, 0
00011338_jpg.rf.d2fc374d4baf39a01f26f7a60b20932a.jpg, 0, 0, 0, 1
00011399_jpg.rf.d3b584c5d560ea24c4b6005f8ae13001.jpg, 0, 0, 0, 1
0001847_jpg.rf.d44e6b867fac4f3d27c500ec62b118c2.jpg, 0, 1, 0, 0
00011666_jpg.rf.d45ae0f12cbf71b66e29ac6287425b79.jpg, 0, 0, 0, 1
11749_jpg.rf.d3ee1a36b9b2ab1b78545c7e9bf7f435.jpg, 0, 0, 0, 1
11839_jpg.rf.d48efb6c6a75f9618f297127204bfe02.jpg, 0, 1, 0, 0
00011528_jpg.rf.d4c68e5c204a7df01e26e8eb8e4e6b9d.jpg, 0, 1, 0, 0
0001826_jpg.rf.d49233b797ab78c33b86330573013e63.jpg, 1, 0, 0, 0
11943_jpg.rf.d49aa3ba262e1731510cdee58411b69e.jpg, 1, 0, 0, 0
1412_jpg.rf.d529ed75ee3d2f51e4624fb9a8355c3d.jpg, 1, 0, 0, 0
0001971_jpg.rf.d51ed17249f740d72e3f97617b3354ef.jpg, 0, 1, 0, 0
0001633_jpg.rf.d52e0df3311bcb5cec3a1282f26ec859.jpg, 0, 0, 1, 0
11208_jpg.rf.d5259d09ab49f9fe8ce55cd7742d0457.jpg, 0, 1, 0, 0
00011125_jpg.rf.d571035b129d91fbec78ddf5a4fff3c6.jpg, 0, 0, 1, 0
00011514_jpg.rf.d55297a4e4d046515c26e8028a31d062.jpg, 0, 0, 1, 0
0001402_jpg.rf.d57b7cae65422e8ca2a3fb552f98236e.jpg, 1, 0, 0, 0
12000_jpg.rf.d5850cb4224eed028cbd35ab18a38269.jpg, 1, 0, 0, 0
0001596_jpg.rf.d59d74d765ced9cfa31c89a4287c9214.jpg, 0, 0, 1, 0
11001_jpg.rf.d5c5f75b14f0f7c7cdbe69ea58ade988.jpg, 1, 0, 0, 0
0001963_jpg.rf.d5e3b4db312790f2f9c786be4c908d20.jpg, 0, 0, 1, 0
11032_jpg.rf.d5fa7ca5e84e9a5170d2d6d258356974.jpg, 0, 0, 1, 0
1468_jpg.rf.d645edac2fc6c4e23d6626a628ef3d47.jpg, 0, 0, 0, 1
0001315_jpg.rf.d71395e0738f979f5e1bdd0fc5425884.jpg, 1, 0, 0, 1
00011888_jpg.rf.d6f49982acd0757cd235579c559b5a65.jpg, 0, 1, 0, 0
0001792_jpg.rf.d6d3d2937acf671c886b0b913387f399.jpg, 1, 0, 0, 0
1774_jpg.rf.d767a10c3f2818ba0fec6e3e9a42a3ba.jpg, 0, 0, 1, 0
00011912_jpg.rf.d7489a34dee58fe133f76c26467a3ea4.jpg, 1, 0, 0, 0
0001416_jpg.rf.d759a070370a7883eec93df199f7bf76.jpg, 0, 0, 1, 0
0001629_jpg.rf.d7734d7836acc7a1d2c46f8c6f0ca555.jpg, 0, 0, 1, 0
0001342_jpg.rf.d7a748c85134e596d10e5a6474072015.jpg, 0, 0, 0, 1
0001179_jpg.rf.d7de3dfca78e6da11fc418fd2e485624.jpg, 0, 1, 0, 0
1857_jpg.rf.d8bdbe9bdd35017a300868ecbe8d69a1.jpg, 0, 1, 0, 0
00011606_jpg.rf.d8a8cbab3a430306d7b3c9f83c8966c7.jpg, 0, 0, 0, 1
0001802_jpg.rf.d9459556e93844efed2bdec6b2579494.jpg, 1, 0, 0, 0
00011421_jpg.rf.d8ea03766c1a3242a9380a189ba37948.jpg, 0, 0, 0, 1
11094_jpg.rf.d97c1980a2be48ec80baebbad48b0c06.jpg, 1, 0, 0, 0
1967_jpg.rf.d90135265d3a2798e7de8218997853cd.jpg, 1, 0, 0, 0
00011816_jpg.rf.d9b8a891b590284dd611446056c2cc7b.jpg, 0, 0, 1, 0
00011060_jpg.rf.d9dbda2be751ca5ca81d4910e3cfb5d7.jpg, 0, 0, 1, 0
1332_jpg.rf.dab3cae165c09f4c8bdb13cffa700bc7.jpg, 0, 0, 0, 1
00011515_jpg.rf.d9dd80651cc752113b56a2920ac04487.jpg, 0, 1, 0, 0
11525_jpg.rf.da16ab8960da25e10d5a8b054e39d5ce.jpg, 1, 0, 0, 0
1486_jpg.rf.dacf53a196078a735560309e2cf91063.jpg, 0, 0, 1, 0
0001875_jpg.rf.da897019858b6ff2292560f1a3bc244f.jpg, 1, 0, 0, 0
11257_jpg.rf.daf4389455514061e532ab05c6ae0ce8.jpg, 0, 0, 0, 1
0001570_jpg.rf.db5684b783394d214cd198993a25341b.jpg, 1, 0, 1, 0
11494_jpg.rf.db668f2cc6a0ef02e837eff3947bd502.jpg, 0, 0, 0, 1
1168_jpg.rf.db14dce71a7e448abfaa4400811bf88b.jpg, 0, 0, 1, 0
00011127_jpg.rf.db2ae05e4ce3faf6c577ef2e7c98ca3e.jpg, 0, 0, 0, 1
0001334_jpg.rf.dbada8c842fe93330080267d76b5c3b0.jpg, 1, 0, 0, 1
000197_jpg.rf.db838bd5241bfcef4bf16cfd46db921f.jpg, 0, 0, 1, 0
00011120_jpg.rf.dbbed04db45bcdb738ccba41b434b29d.jpg, 0, 0, 0, 1
00011477_jpg.rf.dbb6e4620c82ffa472259277388dea5c.jpg, 0, 0, 1, 0
0001982_jpg.rf.dbc4565de6e5b5c7892bc2671ff5b5a5.jpg, 0, 0, 1, 0
0001266_jpg.rf.dbcbce30b7e570a9d972c1165a81b8db.jpg, 0, 0, 0, 1
00011359_jpg.rf.dbd1146d7742f5ccf1986213b5285b04.jpg, 1, 0, 0, 0
11649_jpg.rf.dc008960205b8c94949bad9609f19aa7.jpg, 1, 0, 0, 0
00011326_jpg.rf.dc1fafb804a031615ead8edd254d127a.jpg, 0, 0, 0, 1
11012_jpg.rf.dd0159962c4bda5880c1354aa8760a93.jpg, 0, 0, 0, 1
00011251_jpg.rf.dd38668ddab801366d934625c535e85a.jpg, 0, 1, 0, 0
000175_jpg.rf.dc7cec2ccdbaf61f388f44142a4cee89.jpg, 0, 0, 1, 0
0001496_jpg.rf.dd5f67fcb3b4405c007479afa420ef4a.jpg, 1, 0, 0, 0
00011552_jpg.rf.dd4bbdda28263e4ed0720401657f925b.jpg, 0, 0, 0, 1
1360_jpg.rf.dd389ec70c13280ccf96d62bf54d16db.jpg, 1, 0, 0, 0
0001441_jpg.rf.dd5cfe3ee144c3363cb0a20368faadd7.jpg, 0, 0, 1, 0
00011052_jpg.rf.dd6777f9eec2bcdc68a81bd996816f07.jpg, 0, 0, 0, 1
0001621_jpg.rf.dd78c702bf305129c1d9584fcafb1989.jpg, 0, 0, 0, 1
11194_jpg.rf.dd731a48afe7912d64df63a837453177.jpg, 0, 1, 0, 0
00011296_jpg.rf.dda4ad57ac00b550cf6667ef0a241ccc.jpg, 1, 0, 0, 0
0001397_jpg.rf.ddbaca237507b4cd89638c4fbd7887f3.jpg, 1, 0, 0, 1
1164_jpg.rf.ddba83b080f8aff5170c594c99238a13.jpg, 0, 0, 0, 1
00011775_jpg.rf.ddcfa995523987cab467b6a526edce6f.jpg, 0, 1, 1, 0
00011749_jpg.rf.ddcca47b2344f79e28c95e401e7d889a.jpg, 0, 0, 1, 0
00011680_jpg.rf.de59d22e9242c19bf0745c09e4804baa.jpg, 1, 0, 0, 0
1974_jpg.rf.de09bde0b178546004e38362aa14f350.jpg, 1, 0, 0, 0
00011550_jpg.rf.de46ca7ee14333f65cf3f60f346cb5aa.jpg, 1, 0, 0, 0
11625_jpg.rf.de3d4e82e57e859b48ac5813e6582402.jpg, 0, 0, 1, 0
11505_jpg.rf.de64348c544cdae72fccc1fdd134c565.jpg, 0, 0, 0, 1
1191_jpg.rf.de7d61e7723d9896d3b48863c84d0d54.jpg, 0, 1, 0, 0
00011705_jpg.rf.de641e90abe35ed0a3163829472d9f70.jpg, 0, 0, 1, 0
0001970_jpg.rf.debf63e251d357b2848ef1ea16ac9ee9.jpg, 0, 0, 0, 1
00011298_jpg.rf.dea0d1e9e69f2d25918ee2908f92f745.jpg, 0, 0, 0, 1
00011195_jpg.rf.def5a9c29d2bad491efea10beb7ec44d.jpg, 1, 1, 0, 0
0001163_jpg.rf.def0f2bed0f3ccc3abf501d353598822.jpg, 1, 1, 0, 0
00011555_jpg.rf.ded875d780fda0cbb576e91c27ebae5c.jpg, 1, 0, 0, 0
0001218_jpg.rf.df4aeb0b2c987eb9b2749090b416f8ac.jpg, 0, 1, 0, 0
0001218_jpg.rf.df851946293d7e03a6250eb2752b906c.jpg, 0, 1, 0, 0
11774_jpg.rf.df809cc77f938c1626afc4805e87b183.jpg, 0, 0, 1, 0
0001155_jpg.rf.df842ccd121a616c6a18005410e92c29.jpg, 0, 1, 0, 0
0001229_jpg.rf.dfe1e50d0f89a82088a1988a389c4040.jpg, 0, 1, 0, 0
00011557_jpg.rf.df86fff660b2e68255cdde00b0f6e340.jpg, 1, 0, 0, 1
0001754_jpg.rf.dff00a18b6e37d3ddc3d6f16d0d27634.jpg, 0, 0, 1, 0
1151_jpg.rf.dfca0e9ecdb23443f531f33d8d86aa9b.jpg, 0, 0, 0, 1
0001555_jpg.rf.e0624b7a289bbc8f8e681f81498a82c5.jpg, 0, 0, 0, 1
0001348_jpg.rf.e0b97e9e52814e35bfc23f1a791fd21f.jpg, 0, 0, 0, 1
0001650_jpg.rf.e06d04ae6fcaa4268de029b5bf201e35.jpg, 0, 0, 1, 0
11538_jpg.rf.e0fd0e8428953fb9781e9680fbff5f75.jpg, 0, 0, 0, 1
00011138_jpg.rf.e0d499c9c4718a033fe4a368c492d9c9.jpg, 0, 0, 1, 0
1865_jpg.rf.e0e22f9b7cc1e128ec5fa709bee2e8de.jpg, 0, 0, 0, 1
1244_jpg.rf.e0ed76a04b2445e8fa7f0da44f199e61.jpg, 0, 0, 0, 1
0001709_jpg.rf.e0628a1f9eec3efeb646c19041247831.jpg, 0, 0, 0, 1
0001919_jpg.rf.e14f835fe89f9f51024358546acd6036.jpg, 0, 0, 1, 0
0001724_jpg.rf.e1304c6d7f7639ea1dd699b607b03f09.jpg, 1, 0, 0, 0
113_jpg.rf.e12f946bf7f679840be8d2bdad101982.jpg, 1, 0, 0, 0
11912_jpg.rf.e13d502380ae2cc9523b2f8a3be28fbd.jpg, 0, 0, 1, 0
1421_jpg.rf.e1650ff9c597c6f1012af87985409533.jpg, 0, 0, 0, 1
00011086_jpg.rf.e193d87bf497055eb36837d6f35ad4fc.jpg, 1, 0, 1, 0
11747_jpg.rf.e1c03ef2a6a0ec939d7af086637bbac2.jpg, 0, 0, 0, 1
00011645_jpg.rf.e16907b1be1d7f4ba9ae898eef6cb8c3.jpg, 0, 0, 0, 1
00011100_jpg.rf.e203758e8c5dfed006928b6bd2607dd8.jpg, 1, 0, 0, 0
00011717_jpg.rf.e2139a853be7640a3782cced9271d0f8.jpg, 0, 0, 1, 0
00011777_jpg.rf.e20ccb23759e44dd846cbc0546cbedfb.jpg, 1, 0, 0, 0
11669_jpg.rf.e21c7b6c9d6f629bb55736484e71f7d4.jpg, 0, 0, 0, 1
1793_jpg.rf.e291029dc3548e086045b17196bf2fce.jpg, 0, 0, 0, 1
1976_jpg.rf.e2695a283564700c46c32e20dd11818e.jpg, 0, 0, 0, 1
00011222_jpg.rf.e25716b0dbba7f4901c9be3157460f82.jpg, 0, 0, 0, 1
0001315_jpg.rf.e2971df3911ddb55f1a3aa5894263a67.jpg, 1, 0, 0, 1
00011610_jpg.rf.e299f8d08c8b129ab094aa733b407194.jpg, 1, 0, 0, 0
00011160_jpg.rf.e2af372affe583b97b79adf1e2871d28.jpg, 1, 0, 0, 0
000149_jpg.rf.e2a04e784127da17d51835e6e5e18e11.jpg, 0, 0, 1, 0
11281_jpg.rf.e2af1c004893b1970e9252be7e6a4ef4.jpg, 1, 0, 0, 1
00011461_jpg.rf.e35998e6d853e2f8402bbfe77c3afb35.jpg, 1, 0, 0, 0
11081_jpg.rf.e2e860ddeac79ce4fe4d4a65b09c192d.jpg, 1, 0, 0, 1
00011136_jpg.rf.e36d00c8c08024296ae6283222507a15.jpg, 0, 0, 1, 0
1266_jpg.rf.e398cb110e27750fc1e89e7e9b44e2e8.jpg, 1, 0, 0, 1
0001627_jpg.rf.e419c4b1e632bd19bc7b6ccf37552214.jpg, 1, 0, 0, 0
0001863_jpg.rf.e3c2e2c9d5ad1187f3cdd07fbf8448d5.jpg, 1, 0, 0, 0
11286_jpg.rf.e3e5b5094813a154170b2e26f669ddd8.jpg, 0, 0, 0, 1
0001320_jpg.rf.e41cf3af00ee0b8d9d1aa4c53af15a51.jpg, 0, 0, 0, 1
11901_jpg.rf.e436928720c54e00bdffe787a7db7ab7.jpg, 1, 0, 0, 0
00011143_jpg.rf.e47354e18b0ec08837b7cb4d6f948548.jpg, 0, 0, 1, 0
11945_jpg.rf.e444561ec6cacb129855a84df2ec9744.jpg, 1, 0, 0, 0
00011979_jpg.rf.e437440950108e2acf3377f8172e5633.jpg, 0, 0, 0, 1
0001312_jpg.rf.e49687df4b50dcfa0c761a8d088e919c.jpg, 0, 0, 0, 1
00011111_jpg.rf.e4ee7ffdb413feb4c7e51b85fb1314d1.jpg, 1, 0, 0, 0
00018_jpg.rf.e54c1ffc5b841c45f59df27a2c247e27.jpg, 0, 0, 1, 0
00011760_jpg.rf.e4f9d7f43cfa50298399b98704cec9f6.jpg, 0, 1, 0, 0
1184_jpg.rf.e55809c305265da7cdb790f64a1005e8.jpg, 0, 0, 1, 0
11445_jpg.rf.e58bf1fedff9958476811b159e03691a.jpg, 0, 0, 1, 0
11812_jpg.rf.e55a900da558f7f1a5b3e865fdb76d04.jpg, 0, 0, 1, 0
00011767_jpg.rf.e5889e91225df98c8eb576156ca8cf37.jpg, 0, 1, 0, 0
00011687_jpg.rf.e58c799d954f0bae66e185540fbd7891.jpg, 1, 0, 1, 0
0001818_jpg.rf.e5d5b5544bd746c0d4a6724bc2c44308.jpg, 1, 0, 0, 0
11281_jpg.rf.e5e5492d7fa84f612f16d3872d5e60dc.jpg, 1, 0, 0, 1
00011878_jpg.rf.e612860a3d21f9603d7fcecb9517277d.jpg, 0, 0, 1, 0
11275_jpg.rf.e6218be8c92c1c3eb83f0d3f01ed16d5.jpg, 0, 0, 0, 1
11758_jpg.rf.e62b8b5aac2f381e18daa19e053342b7.jpg, 0, 0, 1, 0
00011744_jpg.rf.e63af7312750fe3cabd3727cdc282c63.jpg, 0, 1, 1, 0
1377_jpg.rf.e69ece91afa5373c76c4b614c73c02cc.jpg, 0, 0, 1, 0
11952_jpg.rf.e6f31c958515231d7fe26e03b89671c5.jpg, 1, 0, 0, 0
1330_jpg.rf.e72040c15775da7318bd47c14cfd3adc.jpg, 1, 0, 0, 0
1621_jpg.rf.e6cfd4baf995d48e35028bdf6c5fa1dd.jpg, 0, 0, 1, 0
00011782_jpg.rf.e6ad19c52001fc51a282c3bb61c1232c.jpg, 0, 0, 0, 1
11883_jpg.rf.e76bfe632e514cb438c2d064167090ea.jpg, 0, 1, 0, 0
1554_jpg.rf.e76baadd9599822777fbbe93d58841d9.jpg, 0, 0, 0, 1
11927_jpg.rf.e778d5bc6f70123d3848deff4fcba983.jpg, 0, 0, 1, 0
11000_jpg.rf.e76474bc916d1eb5c362a96f3a08e613.jpg, 1, 0, 0, 0
0001161_jpg.rf.e795fe89e73884a85fa8ec24418a4b00.jpg, 1, 1, 0, 0
000163_jpg.rf.e7bd2d307d23f2a297f65f6246d01b14.jpg, 0, 0, 1, 0
0001980_jpg.rf.e7d9fbcd86b72dd01d96bc7b548858c9.jpg, 0, 0, 0, 1
11614_jpg.rf.e7e3870e6ec6031a5cac975251154854.jpg, 0, 0, 0, 1
0001808_jpg.rf.e7ff8a6d373d367c358f53480348695a.jpg, 0, 0, 1, 0
0001461_jpg.rf.e7f0ac39b9362b03c5661c7e35c90644.jpg, 0, 0, 0, 1
0001905_jpg.rf.e80fd840cdf020d09ba57d1ab3d82c2e.jpg, 0, 0, 1, 0
1101_jpg.rf.e852b31a8a7370e623319fcf61a0786d.jpg, 0, 0, 0, 1
0001602_jpg.rf.e85da690f65b492bad4d0350100a0c60.jpg, 1, 0, 0, 0
00011536_jpg.rf.e8c11ee9b4c5e9b6bdcd18499a085462.jpg, 0, 0, 1, 0
00011108_jpg.rf.e8bd545494d7ea2d4234b5f4ddabdba7.jpg, 0, 0, 1, 0
00011623_jpg.rf.e906852ff3d580972d414ad06891a715.jpg, 0, 0, 1, 0
00011661_jpg.rf.e90fede4b957d7968e55595627de98a9.jpg, 0, 0, 1, 0
1286_jpg.rf.e90c379fd1d364421d2495b4fd1988e5.jpg, 1, 0, 0, 0
00011329_jpg.rf.e92ad71082a131aac15fa21b8ccf5830.jpg, 0, 0, 1, 1
11499_jpg.rf.e972c8a229e10ff14234fd8f89db09c4.jpg, 0, 0, 0, 1
11203_jpg.rf.ea052212a176405d1e52dcecfaee3d09.jpg, 0, 1, 0, 0
0001383_jpg.rf.e99f09ebfc6a2c210d3c56f10aa6d3ed.jpg, 1, 0, 0, 0
0001929_jpg.rf.e9e69488e4a752406728068700e4605a.jpg, 0, 0, 1, 0
00011765_jpg.rf.e9a1973cc63338358413409beec7c24e.jpg, 0, 0, 0, 1
11283_jpg.rf.ea4fb0a94bde9e9b65599c6fc3578296.jpg, 1, 0, 0, 0
00011574_jpg.rf.ea41f5728bf142a9f943642f3408e62b.jpg, 0, 0, 0, 1
11159_jpg.rf.ea35f20935239393959d74c44da03406.jpg, 0, 1, 0, 0
11643_jpg.rf.ea6ebbdd4a8c178b4a59af8560722c59.jpg, 0, 0, 0, 1
000161_jpg.rf.ea89e1340fd377f14c6a93e64415423a.jpg, 0, 0, 1, 0
1519_jpg.rf.eaa2196c24bc596dfaf312b0287cf28b.jpg, 0, 0, 0, 1
11586_jpg.rf.eaa4ff4995c2ffd05398f33f49dbe0c5.jpg, 1, 0, 0, 0
0001134_jpg.rf.ea89aaef06721c0d6b05c3e1a52a6d1b.jpg, 0, 0, 0, 1
00011834_jpg.rf.eab8a216eda7e712df3b762d00c34f92.jpg, 0, 0, 1, 0
1138_jpg.rf.eb1aade234da592e1ec136b8cb2738cb.jpg, 0, 0, 1, 0
0001260_jpg.rf.eac6ed2f0d2814caef8a3086ad3195fb.jpg, 0, 0, 0, 1
11288_jpg.rf.ead6d7c9a0bdcb4fe9f2180a4525aa0f.jpg, 0, 0, 0, 1
11512_jpg.rf.eea0c2020f3e6cf6dad50dd7ad9a69eb.jpg, 0, 0, 0, 1
1213_jpg.rf.eda240636ff73eee854c9a1918d91e3b.jpg, 0, 1, 0, 0
00011582_jpg.rf.ece5f778df0c2ea780fc17ac0ebd95c3.jpg, 0, 1, 0, 0
11949_jpg.rf.edc083f4ee2d1e85aa8523470a5da9fe.jpg, 0, 0, 1, 0
1125_jpg.rf.ec4c310cd87b3c943182e0ffa27caf7b.jpg, 1, 1, 0, 0
00011354_jpg.rf.ededd4140ee3f3d614c552737e8e33ef.jpg, 0, 0, 0, 1
11801_jpg.rf.ee90244247e3d8681b95b1b866c50742.jpg, 1, 0, 0, 0
1985_jpg.rf.ee5852b092079e5a4f55a2d3d917febd.jpg, 0, 0, 0, 1
0001503_jpg.rf.edab4c36df373399b429568eab1973c2.jpg, 0, 0, 1, 0
11072_jpg.rf.ebd1aa834686d9dc18db223a55555e2d.jpg, 1, 0, 0, 0
0001610_jpg.rf.ed9d9e1906a806288754f82ae5096653.jpg, 1, 0, 0, 0
00011415_jpg.rf.ec29adbd8aad70aa815a17a05849a3ea.jpg, 1, 0, 0, 0
0001915_jpg.rf.ed929207ef8d2d3adf17bd26ffa3a278.jpg, 1, 0, 0, 0
11286_jpg.rf.ee9e90dab84324bf92a9597503f1cfbf.jpg, 0, 0, 0, 1
00011892_jpg.rf.ecf8cb8c309869cddafa3a6e4b8b80d5.jpg, 0, 0, 1, 0
00011608_jpg.rf.ed9e6daf62befd58c71323d79a56de3b.jpg, 1, 0, 0, 0
0001883_jpg.rf.eda95d8080f7f85643139afec2549697.jpg, 0, 0, 0, 1
00011591_jpg.rf.ec65a5b9e1a0503d95bbcf01003d7257.jpg, 0, 0, 1, 0
11146_jpg.rf.ee5d1ee1339073dcdc50a5c8dc54f217.jpg, 0, 1, 0, 0
00011009_jpg.rf.ede5e20efdd3190ab7b3941a08d16e82.jpg, 0, 1, 0, 0
1382_jpg.rf.eb7814058396a91077570f1dfacfb1c6.jpg, 1, 0, 0, 0
0001770_jpg.rf.eeb33bbd92b3724cca2f3ea0b93606cb.jpg, 0, 0, 0, 1
11201_jpg.rf.eec4f3e9fef41144f41f31df5711775d.jpg, 0, 1, 0, 0
00011522_jpg.rf.eb4585f0a5c5d4399a328c402da6ccb8.jpg, 0, 0, 0, 1
11527_jpg.rf.eebe0dcacecda47f5c7700cbfd047222.jpg, 0, 0, 1, 1
0001392_jpg.rf.eed57ce942aec54de0fcdb1c2183e34f.jpg, 1, 0, 0, 0
11043_jpg.rf.ed56b1f12f3efa9935388b8959d92c40.jpg, 0, 0, 1, 0
00011803_jpg.rf.eedab782635e39c9ac8719ded5ff235a.jpg, 0, 0, 0, 1
11716_jpg.rf.edd69fb1841502b799fdc84f796e4e0e.jpg, 0, 0, 0, 1
1992_jpg.rf.ecf3062395526f0f54447eef3ef6f72e.jpg, 0, 0, 1, 0
157_jpg.rf.ef4f4684795470d5770ab474e4ef41ca.jpg, 1, 0, 0, 0
1854_jpg.rf.ef6fe0598a72e4cef666f878c7548d0f.jpg, 0, 0, 0, 1
1710_jpg.rf.eef0278801dce068f9575b8326e4ef3a.jpg, 0, 0, 1, 0
0001804_jpg.rf.efbed88d56483f4f02a8059f5f50b068.jpg, 0, 0, 1, 0
1357_jpg.rf.ef75b70d5b1fdcfc46248c82217ac4b5.jpg, 0, 0, 0, 1
1878_jpg.rf.ef8a5846faa6df2276c8a915f77c29e4.jpg, 0, 0, 1, 1
11577_jpg.rf.ef841c81d138703a341f9e39f23f6959.jpg, 0, 0, 1, 0
00011487_jpg.rf.efd04cd9ea039a14949c9d920f7a1214.jpg, 0, 0, 0, 1
000118_jpg.rf.f02180796a675e3df8e93de112a85675.jpg, 0, 1, 0, 0
00011292_jpg.rf.f01a3adc506889775bed09b1bfb09b10.jpg, 1, 0, 0, 0
1142_jpg.rf.f09827deb899c150dda4c4fdfdf77f76.jpg, 0, 0, 1, 0
0001965_jpg.rf.f13eac827307b46a28dd952c2b72f7cd.jpg, 0, 0, 1, 0
11026_jpg.rf.f0eb83c14933fabdc1826d2c1c659740.jpg, 0, 0, 1, 0
00011021_jpg.rf.f15e589a0241bacaed38f2ceccd4dbee.jpg, 0, 1, 0, 0
00011366_jpg.rf.f1479225ef9d2e3e4d5276d1b3c11440.jpg, 0, 0, 0, 1
0001947_jpg.rf.f169af22853b300712089b2e93807bf3.jpg, 0, 1, 0, 0
0001153_jpg.rf.f163106e9244c06654b3e447ffdd3c57.jpg, 0, 1, 0, 0
1699_jpg.rf.f1cd2ccdf6c55a502a9db6947101d21b.jpg, 0, 0, 1, 0
00011458_jpg.rf.f193bb15e421049b85db45d632e18847.jpg, 0, 0, 0, 1
11683_jpg.rf.f1e2aabd2995ab1044da38007a4f40b6.jpg, 0, 0, 1, 0
0001241_jpg.rf.f1e5e114ad90af729f1908d09d2097fb.jpg, 1, 1, 0, 1
00011826_jpg.rf.f1d9e57d3c3422c6e06b82f069256731.jpg, 0, 0, 0, 1
0001663_jpg.rf.f1e3b8f11ecaf1ff4ab67d6e0568b258.jpg, 0, 0, 1, 0
11008_jpg.rf.f228ea2a763fa5fef075db5f6baf65e7.jpg, 0, 0, 0, 1
0001577_jpg.rf.f214216436c457fbbfde5cc99988a853.jpg, 1, 0, 0, 0
0001564_jpg.rf.f27c7919f708034d24b2a62194271f42.jpg, 0, 0, 1, 0
11684_jpg.rf.f229a40ef906bbd3ecfcecd947d7a69d.jpg, 1, 0, 0, 0
11303_jpg.rf.f28f227ed03a9f0d13c7830168aee07e.jpg, 0, 0, 0, 1
1479_jpg.rf.f2ac472a0a17a82a61f0d4f32bea081b.jpg, 0, 0, 1, 0
11019_jpg.rf.f2899dd4464b7c1a1d449acb7f1c027a.jpg, 0, 0, 1, 0
0001744_jpg.rf.f2dc4ef9f81466a3fbf6f1f470ce929b.jpg, 0, 0, 1, 0
00011633_jpg.rf.f32646edcbc2969fb69f9ac17ad573dc.jpg, 0, 0, 1, 0
00011199_jpg.rf.f2b5eef5b56f38db0cbcaaaee65294cb.jpg, 1, 0, 0, 0
0001290_jpg.rf.f2ea4477b32d38131551969da2e10d95.jpg, 0, 0, 0, 1
1166_jpg.rf.f378099e4d24605bfc054cfb6d2d8392.jpg, 0, 0, 0, 1
0001893_jpg.rf.f3b856cb12229728c82911644149e8ee.jpg, 0, 0, 1, 0
00011619_jpg.rf.f3afdbf3136ed55f87c349caacfb75d7.jpg, 1, 0, 0, 0
00011209_jpg.rf.f3b419ce5888dee14010dfe854b987c4.jpg, 1, 0, 0, 0
00011163_jpg.rf.f38b197a99986a184fee64027ac0dfc4.jpg, 0, 0, 1, 0
0001352_jpg.rf.f4c5ccf2ba6eebff79ec1507d9da4093.jpg, 0, 0, 0, 1
0001354_jpg.rf.f4861442ba0fba62ac3f664c80002ea7.jpg, 0, 0, 0, 1
00011329_jpg.rf.f403fcb5415863784b2a5641403907bf.jpg, 0, 0, 1, 1
0001816_jpg.rf.f44ef93c59b90799f1a8420ca13a1b7d.jpg, 1, 0, 0, 0
00011627_jpg.rf.f4f9772bbfca1c3c9c7d0ceac1136d20.jpg, 1, 0, 0, 0
00011721_jpg.rf.f4ca769c086d06265474a31eda162307.jpg, 0, 0, 1, 0
1828_jpg.rf.f4d9d26364aa90b46a183794080aecf6.jpg, 1, 0, 0, 0
00011373_jpg.rf.f4d95ddeda9ca48ebe998363f0077cac.jpg, 1, 0, 0, 0
00011123_jpg.rf.f500f66d894935e97bab8d391449fd47.jpg, 0, 0, 1, 0
0001799_jpg.rf.f52a94f78f9d15141e01f757c5691d9f.jpg, 0, 1, 1, 0
0001967_jpg.rf.f57e681abbb7b2876728fed9fa592f21.jpg, 1, 0, 0, 0
1839_jpg.rf.f5c07fee06b8803128f6b9e3bd712d8f.jpg, 0, 0, 0, 1
11549_jpg.rf.f5db100283f9ff65b8f770fb393297f5.jpg, 0, 0, 1, 0
0001715_jpg.rf.f5e76f9cbac806d1af354c1622e60bb7.jpg, 0, 0, 1, 1
0001525_jpg.rf.f61d7f2efb97fcec05dbfd2242c45aee.jpg, 0, 0, 1, 0
00011148_jpg.rf.f61b0de4b8aa3749a9df7ae46f7195c5.jpg, 1, 0, 0, 0
1841_jpg.rf.f62fec8a5b5fa7ab408e3a2daa343c1b.jpg, 0, 0, 0, 1
1808_jpg.rf.f65d4665896192bfb9098c32a25b8778.jpg, 0, 0, 1, 0
00011729_jpg.rf.f65faf9b63ba727e4f4510434002b3f1.jpg, 1, 0, 0, 0
00011304_jpg.rf.f6617bb5e07d76141a8def307d39f6d1.jpg, 0, 0, 0, 1
1199_jpg.rf.f6706e3ebf260876c5d276e68717332d.jpg, 0, 0, 1, 0
1521_jpg.rf.f67c9015c6cf2dd4ed15f05e4adbe989.jpg, 1, 0, 0, 0
00011654_jpg.rf.f69f7e7e9e20db7720cff6601b14b6da.jpg, 0, 0, 0, 1
0001447_jpg.rf.f6baa37335d236ba221e86e0221c7e8a.jpg, 0, 0, 1, 1
11116_jpg.rf.f76a62ddbdab6e847614d1ab341987aa.jpg, 0, 0, 0, 1
0001845_jpg.rf.f6fb84de1d1ee6fb91455113ade56014.jpg, 0, 0, 0, 1
0001387_jpg.rf.f70d72b3b75097255b99339b73d4e220.jpg, 1, 0, 0, 0
1215_jpg.rf.f6d3e6e06e50016079aaf3eb1b8d7ac7.jpg, 0, 0, 1, 0
00011038_jpg.rf.f81c46feaea9178e10c4df3bd335dd40.jpg, 0, 0, 1, 0
11098_jpg.rf.f8544139995802e86f1e4a342ce4f97a.jpg, 0, 0, 1, 0
1253_jpg.rf.f85b5b0a3de0c8c546fc7d9384d0d814.jpg, 0, 0, 0, 1
0001407_jpg.rf.f854bac34de854ed201035785bb7cb06.jpg, 1, 0, 0, 0
11019_jpg.rf.f8e0fa5606e20e394bb2faa5ccbf5f9c.jpg, 0, 0, 0, 1
00011820_jpg.rf.f8ee40b81af08f78a4e8af3669bff526.jpg, 0, 0, 0, 1
1652_jpg.rf.f93d85f38c597424c81dd24339171fa6.jpg, 1, 0, 0, 0
1504_jpg.rf.f95335d0be27aae58c7d7b2abc0a17bf.jpg, 0, 0, 0, 1
00011040_jpg.rf.f8b2f7532b8c83c20520b5ae98c824ac.jpg, 0, 0, 1, 0
00011666_jpg.rf.f9702a11565ae696542584d065bceaa8.jpg, 0, 0, 0, 1
0001740_jpg.rf.f966156e099c25469e78d9f3b5f8a557.jpg, 0, 0, 0, 1
00011195_jpg.rf.f983f1d9cda565d81869de5e040282a1.jpg, 1, 1, 0, 0
00011796_jpg.rf.f9a1a854bd4e8d4236c36bad59b92c5c.jpg, 1, 0, 1, 0
00011024_jpg.rf.f9c8a8397d9384892b0bc2a294d3881b.jpg, 0, 0, 1, 0
1590_jpg.rf.f9d9cf4e10a32c5cbd1d37c1473e7b59.jpg, 0, 0, 1, 0
00011006_jpg.rf.fa38027eed1f93e15d3bc0342a0dc2ec.jpg, 1, 0, 0, 0
0001496_jpg.rf.fa44212d8c5d4880ed347531e9591a04.jpg, 0, 0, 1, 0
1473_jpg.rf.fa6c3d9c3ff9e763742e8b175f706604.jpg, 0, 0, 1, 0
11543_jpg.rf.fa4073bbb3d18e25b4ff2b57dee6597c.jpg, 0, 0, 1, 0
00011719_jpg.rf.fac7df121b04f2de8aea81183d48dda4.jpg, 0, 0, 0, 1
1190_jpg.rf.fa9825e4b43578850cd7c216b9e21da1.jpg, 0, 0, 1, 0
00011347_jpg.rf.fab0fa57ab462442a0ba3a7529bb402e.jpg, 1, 0, 0, 0
00011902_jpg.rf.faac5c20d3e64e2d3b3407540deb7268.jpg, 0, 0, 0, 1
00011079_jpg.rf.fad75a5b33bc8965c47309f4c4be2980.jpg, 1, 0, 0, 0
00011150_jpg.rf.fb34f0d8ac17d08abd22024b0a32324d.jpg, 0, 0, 0, 1
0001705_jpg.rf.fae6e0757e8e9efb228b03ac21a25679.jpg, 0, 0, 1, 0
0001247_jpg.rf.fb38bc05eeade1ac14c76d0b78698ad3.jpg, 1, 0, 0, 0
00011250_jpg.rf.fb44fec1db48a7bce4c29c6279110f3e.jpg, 0, 0, 0, 1
11250_jpg.rf.fb7736dc3426e812588107b605a6058e.jpg, 0, 0, 0, 1
11131_jpg.rf.fbbae80c61a09fb0af8b01b722cc6bff.jpg, 0, 1, 0, 0
000168_jpg.rf.fbcdb432df3a2b65eb691b89565a91b0.jpg, 1, 0, 0, 0
1761_jpg.rf.fc27eb318e2446b83d60c60d5af9b958.jpg, 0, 0, 1, 0
1673_jpg.rf.fc73b3b52609e90332997498edd6ae50.jpg, 1, 0, 0, 0
00011300_jpg.rf.fc2c9accb7dd7cd790d823e748ce2536.jpg, 1, 0, 0, 0
124_jpg.rf.fcb868beaaf48ab13ed42baafdce5a9b.jpg, 0, 0, 0, 1
00011320_jpg.rf.fce4313c598c8aae9885aafbe45cc7d8.jpg, 1, 0, 1, 0
00011387_jpg.rf.fd3c90eb6962f576731e179797febb7e.jpg, 0, 0, 1, 0
116_jpg.rf.fd7e4689d91d6b8281e84498fca56fb6.jpg, 0, 0, 1, 0
00018_jpg.rf.fda5c2fcdc9800971789e7371282f1ed.jpg, 0, 0, 1, 0
0001251_jpg.rf.fdba0629b2c936ee496911a16c34e316.jpg, 0, 0, 0, 1
11834_jpg.rf.fdc96b705bf0bb363de811f26b233ad8.jpg, 0, 0, 1, 0
00011111_jpg.rf.fdfac6b7c0f1aa47b587c406d2550316.jpg, 1, 0, 0, 0
000146_jpg.rf.fe0b11951147d0f48d6851f6e965d764.jpg, 1, 0, 0, 0
00011342_jpg.rf.fdf7c884ede7a575ea20032eb90aefe4.jpg, 0, 0, 1, 0
00011508_jpg.rf.fe13eb47ad0167b4274c842e02037518.jpg, 0, 0, 1, 0
11461_jpg.rf.fe6ce574c4e70d18033001c46292e5cd.jpg, 0, 0, 1, 0
12004_jpg.rf.fe9b6ba4ec66aadf2a547f6ac911e955.jpg, 1, 0, 0, 0
1908_jpg.rf.fe95c2835eefd66a3b452e1c24275eca.jpg, 1, 0, 0, 0
1815_jpg.rf.fed779ad51c445cd19f250cca2a9dba3.jpg, 1, 0, 0, 0
00011579_jpg.rf.feca6d5ce6924d055d69f3a2c4c338bd.jpg, 0, 0, 1, 0
00011155_jpg.rf.fed9f36a04cae2a209b54190fdfd8d02.jpg, 0, 0, 1, 0
0001459_jpg.rf.ff115c1debd80463a779b2e863372bfb.jpg, 0, 0, 1, 0
00011335_jpg.rf.ff92fe84391459ae8ec549acfdf3017f.jpg, 1, 0, 0, 0
1895_jpg.rf.ff3ef30026e13401a71c9add485df030.jpg, 1, 0, 0, 0
00011969_jpg.rf.ffa5a5ffd8fe34eff8624f61a21337cd.jpg, 0, 1, 0, 0
11947_jpg.rf.ffa2d43c1adc67b004d9ed6ea6d988d4.jpg, 0, 0, 1, 0
1227_jpg.rf.07c83a393b2f372e122110a5edb09bb7.jpg, 0, 0, 0, 1
00011362_jpg.rf.08e0b31afb46ce5d6385b2951229dc1b.jpg, 0, 0, 0, 1
0001165_jpg.rf.07c77be16ff5e4d7c2a5b3e2b182430a.jpg, 0, 1, 0, 0
11089_jpg.rf.07fd01fbc0cddbb4d9e9f15df91a18e3.jpg, 1, 0, 0, 0
00011648_jpg.rf.09e66f859257f39035f6ddcf1a2753b1.jpg, 0, 1, 0, 0
11059_jpg.rf.08345a27767d8417ac7db58023b162e9.jpg, 1, 0, 0, 0
00011794_jpg.rf.0821cf93448e141645163c67b2b12b36.jpg, 0, 0, 1, 0
00011816_jpg.rf.0910fa6f56f28708880bd3013675b4a6.jpg, 0, 0, 1, 0
0001405_jpg.rf.09006eebf884a7ce5c02817613537a79.jpg, 1, 0, 0, 0
0001638_jpg.rf.09cffe7a0db2ba383390b121858aa144.jpg, 0, 0, 1, 0
0001687_jpg.rf.081d66a590fc4a446d1b3d6c3f13b172.jpg, 0, 0, 1, 0
11109_jpg.rf.099a6ce51be41f36d9ee606ff6ceecc3.jpg, 0, 0, 0, 1
11734_jpg.rf.0929a8378bdf198d68ecba60aa036595.jpg, 0, 0, 1, 0
0001454_jpg.rf.08221bde2f49d8ee4d24021554c33937.jpg, 1, 1, 0, 0
00011425_jpg.rf.08d2fa2ae87b522e27fa459fb98f22e7.jpg, 0, 0, 1, 0
11255_jpg.rf.07d7baed040cf7d39cf8f14ff8b7ee1c.jpg, 0, 0, 0, 1
1715_jpg.rf.07e01afb243f5b83a4dba72b64e55d95.jpg, 0, 0, 0, 1
11266_jpg.rf.09d29cb7cb349064a7d1417ab7336ac4.jpg, 0, 0, 0, 1
11100_jpg.rf.0933144c648040a0c791fe91e7fcc06a.jpg, 0, 0, 0, 1
0001582_jpg.rf.0867fa6232bedb69a6e5838263a7e163.jpg, 0, 0, 1, 0
00011834_jpg.rf.07a63074729ef8540fefe6cb2cdc95e3.jpg, 0, 0, 1, 0
1193_jpg.rf.08380b6eb59d0dca7d71a2e29ec72e62.jpg, 0, 0, 1, 0
11319_jpg.rf.07f547a352f2e001ab97900a80fd3dfc.jpg, 0, 0, 0, 1
1499_jpg.rf.084e9256377b9dcf97ba28c3dc8f9155.jpg, 0, 0, 1, 0
11560_jpg.rf.09fb4196e3a7be2fe66c1e16345da35c.jpg, 0, 0, 1, 0
00011955_jpg.rf.0a54eb5906961e30896c01c175e66bee.jpg, 0, 0, 0, 1
11656_jpg.rf.0a5a2a986d95029b142e15229c08f191.jpg, 1, 0, 0, 0
00011742_jpg.rf.0a0ddda1c5e9cfe8be12f7d8f75f55d1.jpg, 0, 0, 0, 1
000132_jpg.rf.07a2f51b2a0bcacb5c1b4a243b637ce4.jpg, 0, 0, 1, 0
11087_jpg.rf.0ab4111a3272cff8ffdf1e719ed58216.jpg, 0, 0, 0, 1
00011673_jpg.rf.0a6dd7c8280f8327e502fdc20629d159.jpg, 1, 0, 0, 0
00011796_jpg.rf.0ab7911309b0585604db494625eb4b6e.jpg, 1, 0, 0, 0
0001411_jpg.rf.0b68a4fec6c5519be6a3a586dff1a0bf.jpg, 0, 0, 1, 0
11361_jpg.rf.0b84e1f51f69d2756b04f81e0536d8b4.jpg, 1, 0, 0, 0
11188_jpg.rf.0b8b87ba7f7cf0b5b9ada32ca0befc42.jpg, 0, 1, 0, 0
000120_jpg.rf.0b6e1c44c0eac4e32658c8f4951a6ccb.jpg, 0, 1, 0, 0
0001399_jpg.rf.0b71373e77ae4a722c1a57d1c2cc0e9f.jpg, 1, 0, 0, 0
1978_jpg.rf.0c2c6d6ed03190d1285fc12629c0c39c.jpg, 0, 0, 0, 1
11277_jpg.rf.0c3eef4efc00aff67b389b1b66f2add9.jpg, 0, 0, 0, 1
00011727_jpg.rf.0bf7bb620977ee38def264c031641df0.jpg, 0, 0, 0, 1
1349_jpg.rf.0bd17ea195217f330c3f7cd82dae03b6.jpg, 0, 0, 1, 0
0001202_jpg.rf.0c50f9dc23d4d0e1ba2ffaabc17de9c5.jpg, 0, 0, 1, 0
11292_jpg.rf.0c43119aca8c2dd456df26ac71e92b73.jpg, 1, 0, 0, 0
1901_jpg.rf.0cbb9ee6bb2c11e7df26a5900157b37c.jpg, 0, 0, 1, 1
0001810_jpg.rf.0ca0e3d2dbdee501eb967e64078518a7.jpg, 0, 0, 1, 0
11817_jpg.rf.0d1556b98a02d99eab451f41c3d5ca68.jpg, 1, 0, 0, 0
0001802_jpg.rf.0cdd0813ac5a6674a05d3f76e659f121.jpg, 1, 0, 0, 0
11101_jpg.rf.0d12d80efff146b0f53ce42037150724.jpg, 0, 1, 0, 0
0001100_jpg.rf.0d5f44fe82df007846513a6cae132525.jpg, 1, 0, 0, 0
1883_jpg.rf.0dac28bc21e4160fc43c506165850f73.jpg, 1, 0, 0, 1
00011460_jpg.rf.0d772fd0197970b82c19c782dbf61b2b.jpg, 0, 0, 1, 0
11967_jpg.rf.0d93c4401502ddd614efb9cb6292bdb2.jpg, 1, 0, 0, 0
0001779_jpg.rf.0dbca5b4790e712483012180033850c1.jpg, 1, 0, 0, 0
11954_jpg.rf.0e16d84ca7aa1645d6433c89b0a30ce2.jpg, 1, 0, 0, 0
0001867_jpg.rf.0de89092d6047a75d1a6810d8ab90e7b.jpg, 0, 0, 0, 1
11305_jpg.rf.0dfd51c80a6bf789f8a0e3ffe657dbb1.jpg, 0, 0, 0, 1
11188_jpg.rf.0e127a321a0239beedba30c8fc2b1d02.jpg, 0, 1, 0, 0
11434_jpg.rf.0e4df179095e1b6ee0bfc52b82966fa7.jpg, 0, 0, 0, 1
00011023_jpg.rf.0e97d98bc405a17deb3af1753e0a62ec.jpg, 0, 0, 1, 0
11462_jpg.rf.0e4becd2e3bae1b9ac3ecf7b0a7a2de2.jpg, 1, 0, 0, 0
00011421_jpg.rf.0e287aff0f9062db47a5962766c105c6.jpg, 0, 0, 1, 0
11270_jpg.rf.0f310501556b9818a8334055e86055df.jpg, 0, 0, 0, 1
00011953_jpg.rf.0ed9a680f3f2bdc117681c6b4fb77b3b.jpg, 1, 0, 0, 0
11279_jpg.rf.0f428c5b99f78b3d7400161b2690aad4.jpg, 0, 0, 0, 1
1657_jpg.rf.0efb23f03f4dd5e8000334c2d31196ff.jpg, 0, 1, 0, 0
00011272_jpg.rf.0f435f19722d4b6d53569dfba35802dc.jpg, 1, 0, 0, 0
00011451_jpg.rf.0f513234090dd6fade24051ddca893a4.jpg, 1, 0, 0, 0
1482_jpg.rf.0fb09fc177848838982004209263d54a.jpg, 0, 0, 0, 1
00011586_jpg.rf.0f7446252f245fa8590170e4d06e5ec6.jpg, 0, 0, 0, 1
0001806_jpg.rf.0fd95b2c66cb737532f2ae577e2711bd.jpg, 0, 0, 1, 0
0001260_jpg.rf.0ffc25d5c6e28f1820560aa89b87a57d.jpg, 0, 0, 0, 1
0001671_jpg.rf.0fd7269d704b757a713bed7e535ffbc0.jpg, 0, 0, 1, 0
00011113_jpg.rf.0fd7db5652b1f92e273e3087e014f179.jpg, 0, 0, 1, 0
00011733_jpg.rf.101e6d0b6a9f0cf80bf9167a7ae99e3e.jpg, 0, 0, 1, 0
0001570_jpg.rf.101ff7d166ff6abd10f3fca3b0920137.jpg, 1, 0, 1, 0
000120_jpg.rf.1038944d10d9aeb71eb71ed5e6cb0a5e.jpg, 1, 0, 0, 0
1654_jpg.rf.1049776f53c4eab85b7a0026c0e03b57.jpg, 0, 0, 0, 1
00011560_jpg.rf.10cbcbbb72a27f83ee62608454bb591d.jpg, 0, 0, 0, 1
0001280_jpg.rf.1095e2c7f5f69aadb31ed739bdf88091.jpg, 1, 1, 0, 0
00011967_jpg.rf.10b285b000661daba3dba56acce1a2c6.jpg, 0, 0, 0, 1
00011485_jpg.rf.109b33c6e58017af8fc587bf88b14df7.jpg, 1, 0, 1, 0
180_jpg.rf.10fe5f3a0c540c2eb134d91fe7b59e71.jpg, 0, 1, 0, 0
11928_jpg.rf.1151d4d983826b95f76947f1706d8f24.jpg, 0, 1, 0, 0
00011900_jpg.rf.1145d653b984b407ceb49007bc65bcb2.jpg, 0, 0, 0, 1
00011924_jpg.rf.116f7e41276c2537a5ced70ab6e41dc8.jpg, 0, 0, 1, 0
00011588_jpg.rf.119585d664233e7d8486e9748dc6de86.jpg, 0, 0, 1, 0
0001534_jpg.rf.1117d8acd63e3d3e326af407a9e84987.jpg, 1, 0, 0, 0
00011305_jpg.rf.1181d45376dfc1b84ee82e845ef4cd11.jpg, 0, 0, 1, 0
0001404_jpg.rf.11cda1bdbe0c7bb5049c0b0aa0a00e22.jpg, 1, 0, 0, 0
00011678_jpg.rf.124a92061acdb5cb3c4f266962b08cec.jpg, 1, 0, 0, 0
0001901_jpg.rf.12a9c6c9a94adb975de607aa930a09f2.jpg, 1, 0, 0, 0
1251_jpg.rf.1250404789f9a94402490a6784280250.jpg, 0, 0, 1, 0
00011786_jpg.rf.12c89e367d3bbb2091cb000ceaeab29d.jpg, 0, 0, 1, 0
0001621_jpg.rf.124fe73502f6bc953d6a04b9d669faa0.jpg, 1, 0, 0, 0
11105_jpg.rf.126300264e0814b44c691c7d5fd1b761.jpg, 0, 0, 1, 1
00011723_jpg.rf.12bce7b5519e429f96e808f424f71498.jpg, 0, 0, 1, 0
000159_jpg.rf.12d9bcf83ba5b2523c8e2c8be53d1a0e.jpg, 1, 0, 0, 0
11893_jpg.rf.13081f4ea0a9b11411ff7b0f24306fd2.jpg, 0, 0, 1, 0
0001149_jpg.rf.12d55ca7a46aa2dd13ea817c0e3cfb96.jpg, 0, 1, 0, 0
0001381_jpg.rf.133e75ce8225a7584e98327ef7e1ca13.jpg, 0, 0, 0, 1
1268_jpg.rf.13445ecf3ed6499b31812827e41b8a73.jpg, 0, 0, 0, 1
11430_jpg.rf.1371c542f7c8e13c54749aadea0e1640.jpg, 0, 0, 1, 0
0001857_jpg.rf.134fd9fab50d04e9cac7e86970a397b1.jpg, 0, 0, 1, 0
00011804_jpg.rf.1381eb54aaa930322bfc10fdac8383cb.jpg, 0, 0, 0, 1
1593_jpg.rf.13c52cebde23e48786db8cc235df12a4.jpg, 0, 0, 1, 0
00011276_jpg.rf.13b1e6846c4d51dc59d760b1d689aeb0.jpg, 0, 0, 1, 0
00011317_jpg.rf.13ab507213b89f81e24ec31ba4c9993c.jpg, 0, 0, 1, 0
11023_jpg.rf.138e487f15edf68bb11d1522398f20fc.jpg, 0, 0, 1, 0
0001241_jpg.rf.1444eae1255649fccb7355e6d6c26179.jpg, 0, 1, 0, 1
1586_jpg.rf.14952b74f28af9b5f395c04c24a71c28.jpg, 0, 0, 0, 1
0001189_jpg.rf.1436637cc22d7e2e1c8540e7057225db.jpg, 0, 1, 0, 0
11395_jpg.rf.143e39995a6c61cd725bbf5b36011a81.jpg, 1, 0, 0, 0
00011848_jpg.rf.14fcb01cb30af47674876a69a0c57e45.jpg, 0, 0, 0, 1
1108_jpg.rf.14c79f30c02a5684d74ba4466f2e9d24.jpg, 0, 0, 0, 1
00011226_jpg.rf.14bac120ac25a23fca1a60768ad4cf6f.jpg, 0, 0, 1, 0
1812_jpg.rf.14d246ae97c646696d8ae0d1caec977c.jpg, 0, 0, 1, 0
0001756_jpg.rf.1523e398fe0ee32a0eada9dc03c4eccd.jpg, 1, 1, 0, 0
0001447_jpg.rf.153dc5bdb53ea4e58fbed2dc16455366.jpg, 0, 0, 1, 1
1149_jpg.rf.156b54191e9976453db05389c9f6c7e2.jpg, 1, 0, 0, 0
0001824_jpg.rf.1516a6e9931de1c1fb613e58b9c5ad91.jpg, 0, 1, 0, 0
11910_jpg.rf.1573cebbe0f59b30ef7efe38cc9109d2.jpg, 1, 0, 0, 0
1443_jpg.rf.158fb9cf37634adf68425dfcf3bfe8ae.jpg, 0, 0, 0, 1
1701_jpg.rf.157d4caa6dc8dd755563ad787e691d98.jpg, 1, 0, 0, 0
0001255_jpg.rf.1592cdcd2d0a1f2a81ecae57a3a5e7b5.jpg, 0, 0, 0, 1
11146_jpg.rf.15b8feb057dd9615cea05cd19f087347.jpg, 1, 1, 0, 0
11541_jpg.rf.15a6656e2b7496c723c794205275dac6.jpg, 0, 0, 1, 0
000117_jpg.rf.1597f1ae7db6ed7abd0f97e97e0a80ae.jpg, 1, 0, 1, 0
0001946_jpg.rf.15b881777e8b6fb1a4af4cb33c7c7de8.jpg, 0, 0, 0, 1
0001107_jpg.rf.15f72677acb41962e71a641b0079e1f0.jpg, 1, 0, 0, 0
00011538_jpg.rf.1675d66b90235950610c91bfef4e97ff.jpg, 1, 0, 1, 0
0001945_jpg.rf.1699f38a3a26caa4573f27542d8b6f58.jpg, 0, 0, 1, 0
00011246_jpg.rf.16d60ce285865fba05680d3385b85b66.jpg, 1, 0, 0, 0
0001808_jpg.rf.15f9f65e1a50a06a94d6b9dda4ac10ee.jpg, 0, 0, 1, 0
00011482_jpg.rf.16510c0f84a880fd7ac0a066970122dd.jpg, 1, 0, 0, 0
00011288_jpg.rf.16adeed1eb99cc15dc3a802856252a17.jpg, 0, 0, 1, 0
1835_jpg.rf.1703e3ee7d10d96acf773c3f5939fd54.jpg, 0, 1, 0, 0
0001305_jpg.rf.1704e15e20875c7424f4245594ee9648.jpg, 1, 0, 0, 0
11275_jpg.rf.168644a459aace7b5ad263e563aecfc3.jpg, 0, 0, 0, 1
000177_jpg.rf.17496ec2633674a569cd4cd79fbcc9e8.jpg, 1, 0, 0, 1
1221_jpg.rf.177871570d10b9bbb1425274c9ed521f.jpg, 0, 0, 0, 1
1490_jpg.rf.17250b52f8e2c7b5926333adea58d4f9.jpg, 0, 0, 0, 1
1659_jpg.rf.1775e1b6277ba3958eb9a1d7c8e27cef.jpg, 0, 0, 0, 1
11447_jpg.rf.179f59447996cc39509590c4471e23ef.jpg, 0, 0, 0, 1
000137_jpg.rf.1821644b88ccafcc9c9503084a797619.jpg, 0, 0, 1, 1
1959_jpg.rf.187c72e4d1678ec641335cd11505e8ff.jpg, 0, 0, 1, 0
1801_jpg.rf.1866eea4134cf632cf8959b37bb7662f.jpg, 0, 0, 0, 1
11255_jpg.rf.18a4bda7c95fd3d04395029bdefa0a5d.jpg, 0, 0, 0, 1
1702_jpg.rf.1861669e74121e700f4d98c895780c56.jpg, 0, 1, 0, 0
11190_jpg.rf.193014b67e796dbae08d3fff2e28f53f.jpg, 0, 1, 0, 0
11021_jpg.rf.18b271720785098b9ccf37de52770d11.jpg, 1, 0, 0, 0
1639_jpg.rf.190df573fe18e0b2a67101f8f1fa1415.jpg, 0, 0, 1, 0
0001659_jpg.rf.1931a57590bd8d4c370f93957c141ccb.jpg, 0, 0, 1, 0
00011840_jpg.rf.199dab76d5b0d31fdcc02c9ca6553ae8.jpg, 0, 0, 1, 0
1355_jpg.rf.1972093976dd88710454bcfa43975db2.jpg, 0, 0, 1, 0
00011370_jpg.rf.197030a5dfc97dd21c0d824871e52302.jpg, 0, 0, 0, 1
00011685_jpg.rf.195a98b157328e2f9dbda1487479338e.jpg, 0, 0, 0, 1
00011638_jpg.rf.19a717d78467d9aa997f6c3e9b33328c.jpg, 1, 0, 0, 0
0001669_jpg.rf.19b6db59162d5bfaf916cd5769595002.jpg, 0, 0, 0, 1
11830_jpg.rf.199e7afdbe5a90ec31fb268ae0dd7a52.jpg, 1, 0, 1, 0
00011203_jpg.rf.19cd39cb71a7cc76105396141c6d84c0.jpg, 0, 0, 1, 0
00011540_jpg.rf.19f3103e0350937555851578962ab8a5.jpg, 1, 0, 0, 0
00011975_jpg.rf.19ffbb87dd25faed69fd3d027f457a4d.jpg, 0, 0, 1, 0
00011416_jpg.rf.1a451a7d9ead1c06be16d70b7bb7e99f.jpg, 0, 0, 0, 1
11694_jpg.rf.1a044b9f727573edf708061d9b7c7c15.jpg, 0, 0, 0, 1
0001281_jpg.rf.1a68e6c241e08df8b88b0cc7f3f580cb.jpg, 0, 0, 0, 1
1826_jpg.rf.1a64cc403b20cbba337a1317a4a0bf77.jpg, 0, 0, 1, 0
00011635_jpg.rf.1a4655d4aff96efbd0c6ee6ee396a853.jpg, 0, 0, 1, 0
00011397_jpg.rf.1a754cb5788bc3b6dc73bc08ed14283f.jpg, 0, 0, 1, 0
0001750_jpg.rf.1a83484f747450303d29e915c205d6e4.jpg, 1, 0, 0, 0
00011547_jpg.rf.1a7d9c5ae771f7ce5934c49d57dcc52d.jpg, 0, 0, 1, 0
0001801_jpg.rf.1aac4ff215a54b6385c9c797056b173b.jpg, 1, 0, 0, 0
11936_jpg.rf.1a7b7f43e9d91fd520fa6a701448ba92.jpg, 0, 0, 1, 0
00011246_jpg.rf.1acc2f7491b0086dd539f103117a85bf.jpg, 1, 0, 0, 0
15_jpg.rf.1ad9b9127bee776732f853bfc96c2289.jpg, 0, 0, 1, 0
11916_jpg.rf.1aacea6577bc96063a7779d50418b838.jpg, 1, 0, 1, 0
00011300_jpg.rf.1b1a475df82735a70c6138bcf91ba59a.jpg, 0, 0, 1, 0
00011909_jpg.rf.1aeef7d639dc061062cd97365475be85.jpg, 0, 0, 1, 0
00011518_jpg.rf.1b0063e9474d6231aa3960afd8cea770.jpg, 0, 0, 0, 1
00011128_jpg.rf.1b1fd723e6376a1244154ab1fba12ad4.jpg, 0, 0, 1, 0
0001286_jpg.rf.1b31d6382536d9b7cb60166e2d785f4d.jpg, 0, 0, 0, 1
1335_jpg.rf.1b59d84c28eebb0d5b7624d83182e514.jpg, 1, 0, 0, 0
00011641_jpg.rf.1b833b3ddfc18295d814601a30530bbb.jpg, 1, 0, 0, 0
00011021_jpg.rf.1b6643a7bb734b211c38de2b8d28f604.jpg, 0, 1, 0, 0
0001683_jpg.rf.1b87d42f18553bc8a7a2864900866622.jpg, 0, 0, 1, 0
0001478_jpg.rf.1b8f30559f16c47abced1d75a1c734ad.jpg, 1, 0, 0, 0
0001185_jpg.rf.1b92098ebfbec2af407ea0957808dda7.jpg, 1, 1, 0, 0
1859_jpg.rf.1b9fb6e0765f63dcc465a608fe940813.jpg, 1, 0, 0, 0
0001223_jpg.rf.1ba6e80a7fbeda27de3178397dfc10c7.jpg, 1, 1, 0, 0
11972_jpg.rf.1bf83603d8f5fa7f0524ef50cc8772ac.jpg, 0, 1, 0, 0
0001673_jpg.rf.1bad1a9c20641fb7ddcb6b5c60b3a605.jpg, 0, 0, 0, 1
1797_jpg.rf.1beee60aef73dfc0135423e334b7b814.jpg, 1, 0, 0, 0
1921_jpg.rf.1beaa6914fc200526684711e8cc920ca.jpg, 0, 0, 1, 0
000169_jpg.rf.1c06444bdacb284d2e7fd0fd57e518ab.jpg, 0, 0, 0, 1
00011825_jpg.rf.1c3fc26e0456a2d84fa0ac8006096bf5.jpg, 1, 0, 0, 0
0001601_jpg.rf.1c35d9ce34eef4f7e18c92aea65efeb5.jpg, 0, 0, 1, 0
00011909_jpg.rf.1c81707c11ac5f539a919e475cb2fdc3.jpg, 0, 0, 1, 0
00011975_jpg.rf.1cb55e4fd51d0eedbef576070f83f24b.jpg, 0, 0, 1, 0
00011434_jpg.rf.1cfcc9873d8aadba3ef84629f99f1836.jpg, 0, 0, 1, 0
0001840_jpg.rf.1cc528a80c2c1fa9f77b276a9f55dc92.jpg, 0, 0, 0, 1
0001347_jpg.rf.1d19cc9fd6d6dc66b264a4630a3d98b8.jpg, 0, 0, 1, 0
11239_jpg.rf.1dad9522de5398e6838222d8b5477fb2.jpg, 0, 0, 0, 1
00011141_jpg.rf.1d283cba0f4110680ee460e31c247590.jpg, 1, 0, 0, 0
0001118_jpg.rf.1d2886db0f1b4f498bb28b86f7b73a80.jpg, 0, 0, 1, 0
1879_jpg.rf.1d2a5f05c29c7518a014f6535ce94169.jpg, 1, 1, 0, 0
11554_jpg.rf.1df199d05a30cdb9ee5f9ac3ff98bc9f.jpg, 0, 0, 0, 1
1441_jpg.rf.1e099351f99602278ca80640c8cb5393.jpg, 0, 0, 0, 1
00011385_jpg.rf.1df20135fe6bd99eba0df550623fd73c.jpg, 1, 0, 0, 0
11423_jpg.rf.1dccf9c5a9d632beaa8741c918542fbb.jpg, 0, 0, 0, 1
1310_jpg.rf.1e2d1b5e8247937c32df7906843da8d6.jpg, 0, 0, 1, 0
11564_jpg.rf.1e23c1fc097b512aeb6e10f9247b7b08.jpg, 1, 0, 0, 0
1135_jpg.rf.1e4268cfec123159b22d496bc91cebb6.jpg, 0, 0, 0, 1
0001506_jpg.rf.1e2b5072e3e758fb29bdfe5b7636c383.jpg, 0, 0, 1, 0
175_jpg.rf.1e43a1f22d240f11cddb5ad4043df24d.jpg, 1, 0, 0, 0
00011869_jpg.rf.1e7006823cb4d5d690b4fb5bacfa2dcd.jpg, 0, 0, 1, 0
0001439_jpg.rf.1e5c491539d7482e07f3cfa98ff4468b.jpg, 0, 0, 1, 0
00011026_jpg.rf.1e4a9f1108eab6c13e92d0840554b6f3.jpg, 0, 0, 0, 1
00011364_jpg.rf.1e7053a55e66198a806cd62852f9e849.jpg, 0, 0, 0, 1
0001471_jpg.rf.1e907b45386fb9d72b8d17bb478d0df0.jpg, 0, 0, 1, 0
0001338_jpg.rf.1e759a7d08187fad4134dde1b20e7288.jpg, 0, 0, 1, 0
00011485_jpg.rf.1e97968e06fb7ab8955e3bff6e10c89d.jpg, 1, 0, 0, 0
0001937_jpg.rf.1eb29567077d3ad06e8e028a88050e58.jpg, 0, 0, 1, 0
0001823_jpg.rf.1eaf6dc14af44dc1108be84d88183727.jpg, 1, 0, 0, 0
000161_jpg.rf.1eb59711a2f684179713c3db961a4c10.jpg, 0, 0, 1, 0
1434_jpg.rf.1ef72dc149df6e457ca67b3fa43203bf.jpg, 0, 0, 1, 0
1104_jpg.rf.1fa7836ecb2f0291d94158135764f540.jpg, 0, 0, 0, 1
00011794_jpg.rf.1f0161537f5a0aa80fd8574ea470a07b.jpg, 0, 0, 1, 0
0001544_jpg.rf.1f53be4bd3638dc7dd64defd8bac2e95.jpg, 0, 0, 0, 1
000189_jpg.rf.1f1c98192d4883abd648d5d6fabe4259.jpg, 0, 0, 1, 0
11351_jpg.rf.1fd2d2cd1025a1c476a68bec7d6c19fe.jpg, 1, 0, 0, 0
11306_jpg.rf.202385389be4111c7083539bbf44be6f.jpg, 1, 0, 0, 0
1906_jpg.rf.20245708107831544bc4cfc17679fd50.jpg, 0, 0, 1, 0
0001465_jpg.rf.1fdb61614262f2f14464b31907b0767e.jpg, 0, 0, 1, 1
11219_jpg.rf.20dd2b44b45f923807722f1c1b1c6cc8.jpg, 0, 1, 0, 0
11699_jpg.rf.206f47a0398f5b728f34e75286dd4a25.jpg, 1, 0, 0, 0
11592_jpg.rf.2039c452ce3663296ad502038629aa24.jpg, 1, 0, 1, 0
00011333_jpg.rf.2085d6b3569464793413fc18ef48cec4.jpg, 0, 0, 0, 1
00011818_jpg.rf.2118df4b4d0e7f046863082b56a8a744.jpg, 0, 0, 1, 0
0001518_jpg.rf.20e9c0afb558d1c0af02f61fb2128c39.jpg, 0, 0, 1, 0
00011897_jpg.rf.2128317af7e805d94485af695532ea03.jpg, 0, 0, 0, 1
1972_jpg.rf.212b252d2b328f1744592db27e3c82ec.jpg, 0, 0, 0, 1
00011219_jpg.rf.21488d5dee38a7301e652f11f0555eb6.jpg, 1, 0, 0, 0
00011690_jpg.rf.2179a84bd996d45801c88f4d24807969.jpg, 0, 0, 1, 0
11172_jpg.rf.217612a71389a31d453b4c7b5af1672a.jpg, 1, 0, 0, 0
00011262_jpg.rf.216309457a27a8ba4436c72d7075791f.jpg, 0, 0, 1, 0
00011874_jpg.rf.21bc31af9eebeae18ec4473063685c15.jpg, 0, 1, 0, 0
11780_jpg.rf.21969a61a34aa49b8232631443a55a8d.jpg, 0, 0, 0, 1
0001872_jpg.rf.218116720f73f71c4c57c4201190e4db.jpg, 0, 0, 1, 0
0001868_jpg.rf.219727a205139295b7b852277ff35e96.jpg, 0, 0, 0, 1
11996_jpg.rf.21f8447c99b6210bb94c239712be0fa3.jpg, 0, 0, 1, 0
00011475_jpg.rf.21c23bf06e4f54033560d468ab522232.jpg, 0, 0, 1, 0
11443_jpg.rf.21def0a4a626eebdd16f16502eb8df23.jpg, 0, 0, 0, 1
0001199_jpg.rf.2226ef18941c2108d1572211754645b0.jpg, 1, 0, 0, 0
0001613_jpg.rf.2260962a4213387ab8f2b877584569dc.jpg, 0, 0, 1, 0
00011375_jpg.rf.22df989e492c798551edb0e3f66f57bd.jpg, 0, 0, 1, 0
0001842_jpg.rf.2228daef70e371c0f96e6afdb6cafe6a.jpg, 1, 0, 0, 0
0001118_jpg.rf.22da7136917e297cc51eb93cc6462da8.jpg, 1, 0, 1, 0
00011444_jpg.rf.23900f4cb135724a913240d7b17fec16.jpg, 1, 0, 0, 0
0001970_jpg.rf.23b990448a9c27c6a9c868f3bf32bd06.jpg, 0, 0, 0, 1
0001949_jpg.rf.23a90b4120856916ccc7a2cacbefb01d.jpg, 0, 0, 1, 0
0001340_jpg.rf.2300abed2ecb20616d533ae784609522.jpg, 0, 0, 0, 1
11536_jpg.rf.23efa26d2705b4af8930cc6287d9ce94.jpg, 0, 0, 0, 1
00011327_jpg.rf.23fb3bde73e69c32f79a4a53c8e9046b.jpg, 1, 0, 0, 0
00011292_jpg.rf.2401c6ee5688d126754ecb80251d8432.jpg, 1, 0, 0, 0
1340_jpg.rf.23d91b863b5f5b4c64799a873ee8dbf7.jpg, 0, 0, 1, 0
129_jpg.rf.2409a4289fe40ac969e53bd068d21599.jpg, 0, 0, 1, 0
00011804_jpg.rf.2406bac7da09712b5957b99356b76567.jpg, 0, 0, 0, 1
0001943_jpg.rf.240c9258c30c743a98da8d226387f3d0.jpg, 0, 0, 1, 0
0001463_jpg.rf.24099858c5210104f52400be8dd57339.jpg, 1, 0, 0, 0
00011395_jpg.rf.244ae9fdfc2bfeae74047d303934ebc3.jpg, 0, 0, 0, 1
00011284_jpg.rf.24772344eec168bb27db59818ec4f791.jpg, 1, 0, 0, 0
0001276_jpg.rf.24bd1ccf8e7a3cb251cc902c0ac8e4fb.jpg, 0, 0, 0, 1
0001227_jpg.rf.245962d66fadb50d7eccf50bccfbc96d.jpg, 0, 1, 0, 0
00011357_jpg.rf.24c3e5558ebd1a87ba64a4e2386bd3dd.jpg, 1, 0, 1, 0
00011651_jpg.rf.25132d3a02bc1dbd9e968682fec761a7.jpg, 1, 0, 0, 0
000122_jpg.rf.2558349c5f8bdff06975d9a8c6cdab51.jpg, 0, 1, 0, 0
1445_jpg.rf.252a0d1bfb3e80cd0ac5f6c44c7da091.jpg, 0, 0, 0, 1
11177_jpg.rf.2602521409debd7c04a1242ae71c8561.jpg, 1, 0, 0, 0
00011848_jpg.rf.2570ee895d798e885c35ca80802d7cb9.jpg, 0, 0, 0, 1
00011914_jpg.rf.25a3556a75575440ffe170a1ee8aadf0.jpg, 1, 0, 0, 0
00011128_jpg.rf.25ecfca109b9670876352564de7671c9.jpg, 0, 0, 1, 0
0001626_jpg.rf.262b4c8f8e099816a5f7ac419d1acfa3.jpg, 0, 0, 0, 1
00011093_jpg.rf.263c76d652f3e812be3de69d87ce0287.jpg, 0, 0, 1, 0
00011312_jpg.rf.2644df328f1556480cb60eb20f7d45a2.jpg, 1, 0, 0, 0
00011803_jpg.rf.263ce3eee8d6d633adbc4d19e62f45f6.jpg, 0, 0, 0, 1
00011926_jpg.rf.264db0467fca26c75735aec18c21b2fe.jpg, 0, 0, 1, 0
0001354_jpg.rf.265edebfb93a5090c139173adf39413a.jpg, 0, 0, 0, 1
0001411_jpg.rf.2676467fa43fcd6f41eaa9081ab313d9.jpg, 0, 0, 1, 0
00011224_jpg.rf.26917b50d8d13ba38f0e6609cf31fa8e.jpg, 0, 1, 0, 0
00011852_jpg.rf.27179fcf4502d1139eb9f3e8f28fcb12.jpg, 0, 0, 1, 0
00011067_jpg.rf.2691df827c50b8c846cbd91698464b9b.jpg, 1, 0, 0, 0
00011036_jpg.rf.272a633bd94344180d8dc67bf31781e4.jpg, 1, 0, 0, 0
11436_jpg.rf.274ab5f70d007ddbb9f531f86362158d.jpg, 0, 0, 0, 1
11876_jpg.rf.27d4f75a2840764f93a97743c346ea48.jpg, 0, 0, 1, 0
00011643_jpg.rf.279faa2cb5d10cf0469d480595a858fa.jpg, 0, 0, 0, 1
000137_jpg.rf.27917db38d085a5817dc66ffa2c1b5b4.jpg, 0, 0, 0, 1
00011883_jpg.rf.2753161d6d11ab432154917cb0d96e4d.jpg, 0, 0, 0, 1
11013_jpg.rf.2871ff7a2abca7a6aa1d7c6a6b2969f2.jpg, 0, 1, 0, 0
00011629_jpg.rf.27f7b481af1d9905bca4f59eb8812ba6.jpg, 0, 0, 1, 0
0001691_jpg.rf.2833cdacba22b44ea13efb7b4fcb0be4.jpg, 1, 0, 1, 0
00011536_jpg.rf.28477c498b8adb66c6cffecdfe6ee1ee.jpg, 0, 0, 1, 0
0001167_jpg.rf.28a11ddccebdda100f4911653f989ec2.jpg, 1, 0, 1, 0
0001859_jpg.rf.28b2b8f4f84aa00e297fcb1f7369182f.jpg, 1, 0, 0, 0
0001202_jpg.rf.2875a50973da762674fe841418e66160.jpg, 0, 0, 1, 0
00011337_jpg.rf.28d57ec12f5e2d07904814c718299bd9.jpg, 0, 0, 1, 0
00011290_jpg.rf.28eac38931155aab2bde4f02e5a91471.jpg, 1, 0, 0, 0
00011066_jpg.rf.28eb887a5179ac2910dd9f923242fd41.jpg, 0, 0, 1, 0
0001875_jpg.rf.2910a0a09632f3b5d2a0bd763503db4c.jpg, 1, 0, 0, 0
00011880_jpg.rf.292db92ad0fe54e3fc7b6252971abe05.jpg, 1, 0, 1, 0
11994_jpg.rf.298f92558fc3d2157fe3b6feb0e4af93.jpg, 0, 1, 0, 0
00011256_jpg.rf.29606879eb8919574d465f35e6fb7db2.jpg, 1, 0, 0, 0
00011626_jpg.rf.293b1fd4f635a356ff7de2d1c5fe5d92.jpg, 0, 0, 1, 0
1712_jpg.rf.296d180217be3669e228bdbff28e864e.jpg, 1, 0, 1, 0
00011243_jpg.rf.2a212c34fc0cad1b72c901d71a4e9513.jpg, 0, 0, 0, 1
000112_jpg.rf.29fadf147bb82197ecb9bdce0f312323.jpg, 0, 0, 0, 1
0001335_jpg.rf.2a363973ba0f11d36e2463700d7366c5.jpg, 1, 0, 1, 0
11377_jpg.rf.29ff95c0f73f9e3d869dd24c200ea102.jpg, 1, 0, 0, 0
00011676_jpg.rf.2a4c6b3792ccb2c45350aac644e2959d.jpg, 1, 0, 0, 0
0001231_jpg.rf.2a47d542225a1d0efb2f6106cd38eaa8.jpg, 0, 1, 0, 0
0001663_jpg.rf.2a86be17d47dcd543bc4e1f6ccda7453.jpg, 0, 0, 1, 0
0001945_jpg.rf.2a85ee4f3c798705c0d599b7644bc0f3.jpg, 0, 0, 1, 0
0001678_jpg.rf.2aa42b751e1ef943a37e6bc226fa4248.jpg, 1, 0, 1, 0
00011266_jpg.rf.2b4dc6b5831a72bd80be1213f8c51bc6.jpg, 0, 0, 0, 1
0001820_jpg.rf.2ac7b9a474b065130615dc9b3ee3e62a.jpg, 0, 0, 0, 1
00011905_jpg.rf.2b51ed432bdab1cae0dc05e3af85ec0b.jpg, 0, 0, 0, 1
1324_jpg.rf.2b813d83ede93400bf176318df67461a.jpg, 0, 1, 0, 1
11610_jpg.rf.2bbe3ce22e6d9738404d2c72398411c0.jpg, 0, 0, 0, 1
00011638_jpg.rf.2c2f2648220a34030c6b1367ade97192.jpg, 1, 0, 0, 0
11590_jpg.rf.2c340285f816e8b131d9a249cb4d8215.jpg, 0, 0, 0, 1
0001362_jpg.rf.2c48160e1de372b26a4eb88223dfb5e6.jpg, 0, 0, 0, 1
00011179_jpg.rf.2c9dbb17cd1cb1532e4f602a4fd044db.jpg, 1, 0, 1, 0
00011844_jpg.rf.2c7c214547e8ff7e3f816d76d30e95dc.jpg, 0, 0, 1, 0
11941_jpg.rf.2cbd8a9ece95831db10fdea87d23c452.jpg, 1, 0, 0, 0
1364_jpg.rf.2cfb766b8dd48925b73580a6fcee01b7.jpg, 0, 0, 1, 0
11703_jpg.rf.2d062eab862d6bc91ffa2c6d0b1cd9e7.jpg, 0, 0, 1, 0
0001905_jpg.rf.2cecc0f5840f2610a34d67230ecaee70.jpg, 0, 0, 1, 0
0001155_jpg.rf.2d0a067b232e154497f373a0ee78f3d4.jpg, 0, 1, 0, 0
1619_jpg.rf.2d3e0e238e0016f7061d9fb72f1f03a2.jpg, 0, 1, 0, 0
11390_jpg.rf.2d75742f52413c60929158b8fa99423b.jpg, 0, 0, 0, 1
0001594_jpg.rf.2d2c44b682cf90271adacbbd4b21d439.jpg, 0, 0, 1, 0
1996_jpg.rf.2d79ec0d0c23147f6a9606551c4c8b22.jpg, 0, 0, 1, 0
00011226_jpg.rf.2daa3f6611043f12757636e26ca57380.jpg, 0, 0, 1, 0
00011153_jpg.rf.2dbc65bbab47975cc49bc091e5c3cf0b.jpg, 0, 0, 0, 1
0001691_jpg.rf.2da4906aa838ba22138ef20889fea81c.jpg, 0, 0, 1, 0
11741_jpg.rf.2deffcd09cb3c618ea2b18c71b05f7bd.jpg, 0, 0, 0, 1
00011157_jpg.rf.2e42ee6b6f870dbda2af42d715ddc24a.jpg, 0, 0, 1, 0
1739_jpg.rf.2e2579d3a41cfc0db09d6a0c4444f401.jpg, 1, 0, 1, 0
0001579_jpg.rf.2e557aaac40d17808c1ec876b7cf50c3.jpg, 1, 0, 0, 0
00011532_jpg.rf.2e6a7fbba0a027842a9beb811d8f2b96.jpg, 0, 0, 1, 0
000171_jpg.rf.2e952b21c8041ea7870a1498b3a1f4fc.jpg, 0, 0, 1, 0
133_jpg.rf.2ebc84e1c7a5acf75509fe79e267ce86.jpg, 0, 0, 0, 1
0001527_jpg.rf.2e96e487c58d10847fc4e125d993cd2a.jpg, 1, 0, 0, 0
1426_jpg.rf.2e6ba4049564cdfa57cfbe08d4badcb0.jpg, 0, 0, 1, 0
00011020_jpg.rf.2ed75051ab4373a86792a7c8aaeffc50.jpg, 0, 0, 1, 0
0001385_jpg.rf.2f2916c4ff6d3b58f1f4432fdf9e5196.jpg, 1, 0, 0, 0
11153_jpg.rf.2f9dbf6d55d9fc23a7cf9c2fbe235b7c.jpg, 1, 1, 0, 1
00011945_jpg.rf.2ec307c085cd2a275b1ad85ed950696c.jpg, 1, 0, 0, 0
00011345_jpg.rf.2ed365446bf26eb71e9e94b523b1f040.jpg, 0, 0, 1, 0
11227_jpg.rf.2fd4efa7b1c46ecf2323f948ca06df10.jpg, 0, 0, 0, 1
00011754_jpg.rf.30084c475c3e3e3edf3610a8dd5d4b68.jpg, 0, 0, 0, 1
0001426_jpg.rf.2fbd155534fadc5949a4c6eb3f862f7c.jpg, 0, 0, 0, 1
11261_jpg.rf.30374ae6eed8f913eb997ee0a5e97a97.jpg, 0, 0, 0, 1
11906_jpg.rf.30326ee9d17575778dc5e5daa97d229b.jpg, 0, 1, 0, 0
00011847_jpg.rf.3044223ff523e08f8557021ed73c8243.jpg, 1, 1, 0, 0
1175_jpg.rf.308385a385cd4bc7613dc9e8aead1aa6.jpg, 1, 0, 0, 0
0001293_jpg.rf.30b7e09a98ceba775201f974096be5ab.jpg, 0, 0, 0, 1
00011028_jpg.rf.30ab534621e5f21bee467a2655ef66f8.jpg, 1, 0, 0, 0
11821_jpg.rf.30b0e2c97e8812f82c8a3e7c2c360d25.jpg, 0, 0, 0, 1
1471_jpg.rf.3111f69fca16b61ab1d3eeff5df01aac.jpg, 0, 0, 0, 1
00011767_jpg.rf.3140ba3ede7f76b43325053188ad8ecf.jpg, 0, 1, 0, 0
0001909_jpg.rf.30e457429b17c1c007a42e62224e20ad.jpg, 0, 0, 1, 0
0001105_jpg.rf.31180f76fe04bd0f6471343a84dbcbee.jpg, 0, 0, 1, 0
000173_jpg.rf.3144b38ccd6875f4820c0a947b68f35b.jpg, 1, 0, 0, 0
0001269_jpg.rf.3153370e86911cda6161720ddc8e158b.jpg, 0, 0, 0, 1
158_jpg.rf.319cf10be9aaac383d9daf4cd6cfd44a.jpg, 0, 1, 0, 0
0001992_jpg.rf.3198db76b6f2ce9072b0eb77d3360808.jpg, 1, 0, 0, 0
11885_jpg.rf.31bdf7ac54283ea0045869acdcc8e8c2.jpg, 0, 0, 1, 0
00011553_jpg.rf.31c5b73b3d4afbf6d050edcc52814ea8.jpg, 0, 1, 0, 0
11355_jpg.rf.3481c5bc356727c31fa1e4de4874003b.jpg, 1, 0, 0, 0
11128_jpg.rf.3373a0454e00056f0441f5c1f9668149.jpg, 0, 1, 1, 0
000132_jpg.rf.34cda57ba98ca8811a16730b759293bb.jpg, 0, 0, 1, 0
00011555_jpg.rf.33d05a011debb43469ae462bccbfc828.jpg, 1, 0, 0, 0
0001604_jpg.rf.32d7634b1143b85498facde4e1c7544d.jpg, 0, 0, 0, 1
11359_jpg.rf.346b6f78e6357b14750a8aae7e3b5fad.jpg, 1, 0, 0, 0
0001534_jpg.rf.323af47ff941ec3ac09f4878dceff735.jpg, 1, 0, 0, 0
0001777_jpg.rf.33b9d165558b2b9d946ae0193cde416e.jpg, 1, 0, 0, 0
0001838_jpg.rf.3263b2b9740cfe7ee3f831f8a1f22534.jpg, 1, 0, 0, 0
1782_jpg.rf.343d778d888949eb4867adc2004412aa.jpg, 0, 0, 0, 1
11623_jpg.rf.351b3849c1732383201d2847cb66069e.jpg, 0, 0, 1, 0
11503_jpg.rf.3295b4ca1d5bd5a7f6e8dfda819aa65c.jpg, 0, 0, 0, 1
00011389_jpg.rf.3593b4b4353241cb0b5272bd4f1598e9.jpg, 0, 0, 1, 0
000141_jpg.rf.350c912cd869848b9ed26ca8294edea9.jpg, 0, 0, 1, 0
0001397_jpg.rf.31da05586f11674482f85a8e33ea7619.jpg, 1, 0, 0, 1
1790_jpg.rf.32082a7ee622559c28b60076d937e096.jpg, 0, 0, 1, 0
0001327_jpg.rf.3273677c5618ec23c680b1214f57346f.jpg, 1, 0, 0, 0
0001379_jpg.rf.347207cbdec8186d83f830a4df8549ac.jpg, 1, 1, 0, 0
00011697_jpg.rf.35c7a1e53eabceeeb3a09869605ef622.jpg, 0, 0, 0, 1
11076_jpg.rf.35be6334072c074226b89b4f5fe81e1e.jpg, 1, 0, 0, 1
0001727_jpg.rf.35d58598d1ba55937bfbc7b6cdb6a067.jpg, 1, 0, 0, 0
0001530_jpg.rf.35b04e60073d0e97c3bf3d6e141f2fec.jpg, 0, 0, 0, 1
00011475_jpg.rf.32296068aeffde9dd0e20e0d989654f1.jpg, 0, 0, 1, 0
000151_jpg.rf.351ab15316f027a054e28ffd1f0b7641.jpg, 0, 0, 1, 0
00011668_jpg.rf.343e620e9ef00a22748f808b6e152bbd.jpg, 0, 0, 0, 1
00011355_jpg.rf.340e4f2223d1da9cfa2e0d74ea376fbf.jpg, 0, 1, 0, 0
1948_jpg.rf.3449a317cb1f2e513fbfb84bafc9fa39.jpg, 0, 0, 1, 0
0001243_jpg.rf.3694a47f3c4b094f29d7420ff10d6b18.jpg, 0, 1, 0, 0
00011446_jpg.rf.3271c39dd796abbeea9a37f97c5f4427.jpg, 1, 0, 0, 0
0001465_jpg.rf.368ddfb92998352db96ae1ae98fcca42.jpg, 0, 0, 1, 1
11472_jpg.rf.33fa32a9c10df3f38afdbefe3bff303b.jpg, 1, 0, 0, 0
0001548_jpg.rf.35e754dbf7596d72fd59caec2cf07291.jpg, 0, 0, 1, 0
0001933_jpg.rf.36abc6a9ca704ae85ca8d70f4af17bf3.jpg, 1, 0, 0, 0
0001459_jpg.rf.3782cc3e033c72437c35720411e9aa72.jpg, 0, 0, 1, 0
00011748_jpg.rf.378d2f3cd79c62451c9e91b4c763e7fa.jpg, 0, 0, 0, 1
11421_jpg.rf.37b7fbc40c7b37ea670b2253f16b37b4.jpg, 0, 0, 0, 1
00011030_jpg.rf.37bc271d5e00f8b4ac8e850a2630e38e.jpg, 0, 0, 1, 0
1983_jpg.rf.37f0c56a605de8ab0be2916227457292.jpg, 0, 0, 1, 0
0001626_jpg.rf.37ce0d1975cb5b09b2fc586718b3cafc.jpg, 0, 0, 0, 1
0001114_jpg.rf.37fec17c7edb0986ebede04ba93d5cf6.jpg, 0, 0, 1, 0
0001693_jpg.rf.380358a0360c83f77d2147f593d3cdef.jpg, 0, 0, 0, 1
1295_jpg.rf.38248461689f256903b52897ff314d26.jpg, 1, 0, 0, 0
00011391_jpg.rf.382db62b91b624f22b536636f8be4cc1.jpg, 0, 0, 0, 1
0001729_jpg.rf.38385598938a46716eb8b5c5f5e312ae.jpg, 0, 0, 1, 0
11767_jpg.rf.3811609e3e62b113f36d63a24a24d227.jpg, 0, 0, 0, 1
00011683_jpg.rf.3873c71bc0d22d2f869be855ae744aa8.jpg, 0, 0, 1, 0
0001643_jpg.rf.384511996fe59e3efea7d991c15af414.jpg, 0, 0, 0, 1
000134_jpg.rf.3870e940aaaaa73bd799bdb496cee6ee.jpg, 0, 0, 0, 1
11771_jpg.rf.3844ee188407692f24136ba05e8df174.jpg, 1, 0, 0, 0
11419_jpg.rf.388b7980ee1312bbcc4d397baa7b46ea.jpg, 0, 0, 0, 1
0001655_jpg.rf.387afe7b909c93ce5696180eea209a39.jpg, 0, 0, 1, 0
11788_jpg.rf.38c4ec2cc6362d958671b29f2a943869.jpg, 0, 0, 0, 1
1850_jpg.rf.38c8675fd556b9e9f55796234aa32e91.jpg, 0, 0, 1, 0
0001655_jpg.rf.3972434b83729041eb0e0044c12cfd11.jpg, 0, 0, 1, 0
00011241_jpg.rf.38f04412db5ea235e7af982629790a91.jpg, 0, 0, 0, 1
1650_jpg.rf.39245c5c01a20577eb76aa0174c4f169.jpg, 0, 0, 0, 1
1786_jpg.rf.398ade80afd47f45c3bb9fd411205a20.jpg, 1, 0, 1, 0
00011132_jpg.rf.39fa14ded9bf2d22d01d63a1d2d4a0e9.jpg, 0, 0, 1, 0
1693_jpg.rf.39f68e31a056591c2a31265e915a9b0a.jpg, 1, 0, 0, 0
1856_jpg.rf.3a1d8269866f6236924704117931c188.jpg, 1, 0, 1, 0
1550_jpg.rf.398dfa9d9d8160daeb7aafe4907b2779.jpg, 0, 0, 1, 0
11314_jpg.rf.3a226d1d71282c0156fda74b7264890c.jpg, 1, 0, 0, 0
11186_jpg.rf.3ab5b66743f20407e2764b91544aa1af.jpg, 0, 1, 0, 1
11151_jpg.rf.3a8dd883effd103f61333fef56ce6ee0.jpg, 1, 0, 1, 1
11982_jpg.rf.3abe4099942d46d58e6218fdfa14c473.jpg, 0, 0, 1, 0
11652_jpg.rf.3ad993fb53959452c9ffc4226178c3d1.jpg, 0, 0, 1, 0
0001457_jpg.rf.3b3f2d82984f5de0b48c38308aac42c9.jpg, 0, 0, 1, 0
00011310_jpg.rf.3b6c02715baf35fe4f474235861dd3a0.jpg, 0, 0, 0, 1
1116_jpg.rf.3b6a82eb213a54c39106fb28cd101bf4.jpg, 0, 0, 0, 1
11305_jpg.rf.3b6c885b3ccf5cc88308b5db9991eb8b.jpg, 0, 0, 0, 1
00011191_jpg.rf.3b6dffa261937f4355e270c8e418f411.jpg, 0, 0, 1, 0
1155_jpg.rf.3ba5bfa8fb88a80d2544c6689080fd6f.jpg, 0, 0, 1, 0
00011086_jpg.rf.3b9d475a22c3cd699eea09947de44f62.jpg, 1, 0, 1, 0
00011676_jpg.rf.3be07f25fcb7f79e171bd21c19e31eb6.jpg, 1, 0, 0, 0
00011153_jpg.rf.3c02b198107af37ffdf45c911599cae5.jpg, 1, 0, 0, 0
11030_jpg.rf.3bc9fe1bfc9be75af546d9a623c89e3b.jpg, 0, 0, 0, 1
0001792_jpg.rf.3c051910202ef510550a6104030ea645.jpg, 0, 0, 0, 1
1902_jpg.rf.3c5251d3d1b0af35f7f3527699ec0319.jpg, 0, 1, 0, 0
0001900_jpg.rf.3c23b336a68f72c15f87ec158e97c5e3.jpg, 1, 0, 0, 0
11074_jpg.rf.3c693e8597cefd668726d2ca52a40692.jpg, 1, 0, 0, 0
00011508_jpg.rf.3c59007ce88a3b5ae1989062ffc371be.jpg, 0, 0, 1, 0
11792_jpg.rf.3c9cf27eef5a0e8a759d811d9e62ed36.jpg, 1, 0, 0, 0
0001404_jpg.rf.3d59473097e49385189ce2637f1d770d.jpg, 1, 0, 0, 0
0001782_jpg.rf.3cb8405ec41a267fad8e2de223e77628.jpg, 0, 0, 1, 0
11157_jpg.rf.3d25587a74e6f94142503bfd2affd7b2.jpg, 0, 1, 0, 0
0001535_jpg.rf.3d98dcc8ed440d5b281389f568a15a61.jpg, 0, 0, 1, 0
11237_jpg.rf.3da622dae1f46feddd59b52bba070695.jpg, 0, 0, 0, 1
0001421_jpg.rf.3e4ba89c0e49c546c3bb5bf33cbf48a2.jpg, 0, 0, 0, 1
00011576_jpg.rf.3de71ed58b4518582b1620f13a9a3c76.jpg, 0, 0, 1, 0
11233_jpg.rf.3e7740a8b6a3bb84436140f5381dc094.jpg, 0, 0, 0, 1
00011733_jpg.rf.3f24b61a4ec317c883453a1c08c9ee0f.jpg, 0, 0, 1, 0
11166_jpg.rf.3ef37148b5cc8049aa9e89393b9947be.jpg, 1, 0, 0, 0
127_jpg.rf.3ef85a37e2c33f47f36a1c2f114ae32f.jpg, 1, 0, 0, 0
0001405_jpg.rf.3f25267092c100850ff10998925c1033.jpg, 1, 0, 0, 0
1564_jpg.rf.3f29eee2f06d4e83a68920c2f028955a.jpg, 0, 0, 1, 0
11710_jpg.rf.3f313ff6f5d55043adbb1b7e3a0cbce3.jpg, 1, 0, 0, 0
0001701_jpg.rf.3f5dc230619d85a855c8125f6ba9f85d.jpg, 1, 0, 0, 0
11067_jpg.rf.3f603400e33656f9023f7d3a558b6481.jpg, 1, 0, 0, 1
0001681_jpg.rf.40378d942987c626e1f8710398ea56b4.jpg, 0, 0, 1, 0
1778_jpg.rf.3fc67a40561a8b8788b070c2ef5fc5e6.jpg, 0, 0, 0, 1
00011088_jpg.rf.401ac6c192c265fd1f79cdea4790953e.jpg, 0, 0, 1, 0
11730_jpg.rf.404ccd6864e38c62401a648d21e9ee65.jpg, 1, 0, 0, 0
00011633_jpg.rf.403dc8d439530cc059b13ba12a09a500.jpg, 0, 0, 1, 0
0001958_jpg.rf.4057924a93bf775af13300c0be7bcad1.jpg, 0, 0, 1, 1
0001657_jpg.rf.40b236d456e306fc03eb44e305bd5eb1.jpg, 0, 0, 1, 0
1872_jpg.rf.40b23d4b43848fa586a8c8af6f78e8fd.jpg, 0, 0, 1, 0
11679_jpg.rf.41c5ba08a71ac118898c747c0a563089.jpg, 0, 0, 1, 0
00011069_jpg.rf.415e2403a02a7eebbb053c654128d7f9.jpg, 1, 0, 0, 0
1945_jpg.rf.40ec9304f6ccce048c2d88c5e7970a03.jpg, 0, 0, 0, 1
0001294_jpg.rf.41e5432997644e8d1c6af7cc593dba11.jpg, 1, 0, 0, 0
11661_jpg.rf.421c47d976adf6b0c2750f972673a608.jpg, 1, 0, 0, 0
00011322_jpg.rf.429cb8393825310b5fd5075d0680731e.jpg, 0, 0, 1, 0
11867_jpg.rf.41e278f43fbba426d0679bd5d0d3656b.jpg, 0, 0, 1, 0
11151_jpg.rf.41f081cade62e5d42789e7b05b5ef210.jpg, 1, 0, 1, 1
11290_jpg.rf.422f9bd7ccdab1d13610c853a72ddcad.jpg, 0, 0, 0, 1
11477_jpg.rf.42abca1729818adc99d6d40f2f969a46.jpg, 0, 0, 1, 0
11257_jpg.rf.429eb33b875cbd8de3e187fda11c784f.jpg, 0, 0, 0, 1
0001719_jpg.rf.4345aeabc3306380b7ec3480983f2e0b.jpg, 1, 0, 1, 0
0001820_jpg.rf.42eac83c28b1a4746a6d886e2d6d4a12.jpg, 0, 0, 0, 1
11290_jpg.rf.42ca3cfd2534062bf64097a4ba0632f0.jpg, 0, 0, 0, 1
188_jpg.rf.42c50ac0700239dce95877264dcaad71.jpg, 0, 0, 0, 1
1432_jpg.rf.4353bcdec3952ccd3640ba75bc39752e.jpg, 0, 0, 1, 0
00011004_jpg.rf.435f12dbfa727fbaf0cfdf5cf44028c8.jpg, 0, 0, 1, 0
00011892_jpg.rf.43ad3cd862566bd4f7f2520aec5e12b4.jpg, 0, 0, 1, 0
0001685_jpg.rf.4366f585836846e16169139de6811989.jpg, 1, 0, 1, 0
00011700_jpg.rf.440569716b8f47c3415ae7b025c508ce.jpg, 0, 1, 0, 0
00011389_jpg.rf.43eefb4de84c34b8070bec266d8be32f.jpg, 0, 0, 1, 0
1260_jpg.rf.4420924b7b88e7d1ca280e18a43d4695.jpg, 0, 0, 0, 1
00011765_jpg.rf.441db1c6de43716ba9d0800137cf51e1.jpg, 0, 0, 0, 1
00011781_jpg.rf.44720cdc121ad6a8a912c491bc79d02d.jpg, 0, 0, 1, 0
00011143_jpg.rf.44825c55740f23304ca2f7a1b9b99bb7.jpg, 0, 0, 1, 0
1508_jpg.rf.447dcafb9de62fd26c83d0734ca58cab.jpg, 0, 0, 1, 0
00011072_jpg.rf.448bb63481fe38b08aaa7d6897613f7a.jpg, 1, 0, 0, 0
11745_jpg.rf.44b6ba57b517d3671d7946ce24b981fb.jpg, 1, 0, 0, 0
0001225_jpg.rf.44915c5d4efbd77bc5ab93869095dab3.jpg, 1, 0, 0, 0
00011359_jpg.rf.44d67ea37d28fc6bc3ba366501b567e9.jpg, 1, 0, 0, 0
0001733_jpg.rf.44e8f2653b77fc1e6c98bb1189bced65.jpg, 0, 0, 0, 1
0001122_jpg.rf.4547a500ec771a0d8463e9bccf65d279.jpg, 0, 0, 0, 1
0001456_jpg.rf.4547d4b3a18db48ce184538d5337eea7.jpg, 0, 0, 0, 1
00011856_jpg.rf.45201111b1db74489067a17d750ebbfd.jpg, 0, 0, 1, 0
00011692_jpg.rf.44ef6a6d35b66e06d936cde42b5d15cd.jpg, 1, 0, 1, 1
0001221_jpg.rf.454a382e11ec5238f679b1230fc4d047.jpg, 0, 1, 0, 0
1994_jpg.rf.4577921396b5262d2b60bca6a6b4b31b.jpg, 0, 0, 1, 0
0001520_jpg.rf.455a04235fab2205485aa5e4224fa0e4.jpg, 0, 0, 1, 0
0001857_jpg.rf.4570ee078fc0becac195df8c1d274538.jpg, 0, 0, 1, 0
00011288_jpg.rf.457d2f9edde73c1dc545df9d043b2823.jpg, 0, 0, 1, 0
00011661_jpg.rf.45cf505bde58a15030c5d6f4692ab61a.jpg, 0, 0, 1, 0
11057_jpg.rf.458399aa35baaba3f5af6dfbea306a32.jpg, 0, 1, 0, 0
000139_jpg.rf.45bfa2928806e35777e94ea8ff0c3fc3.jpg, 0, 0, 1, 0
00011274_jpg.rf.45f55db940974a9ac6fbe0533a3702f8.jpg, 1, 0, 0, 0
00011830_jpg.rf.4634dd2d6d25b31b4cf7afaf59a85b16.jpg, 0, 0, 1, 0
00011709_jpg.rf.46988f917e99e2994632d4c5387a3246.jpg, 0, 0, 0, 1
00011579_jpg.rf.45d05989b61ab766fb264d7c14fbd9b9.jpg, 0, 0, 1, 0
00011253_jpg.rf.46b11685606d7bd82c23109465e397b8.jpg, 0, 0, 0, 1
11969_jpg.rf.46efab1e41b1d84619aa9dc2f7969421.jpg, 0, 0, 1, 0
0001451_jpg.rf.46bc5d7ca2cfd1c7dc45e82162708259.jpg, 0, 0, 0, 1
1562_jpg.rf.47460f8a5bf3a4396d7007379016f496.jpg, 0, 0, 0, 1
00011527_jpg.rf.4785a9891852e5010b2e073d6804adb6.jpg, 0, 0, 1, 0
11144_jpg.rf.475717ae91b85016bc7b80541989fc18.jpg, 1, 1, 0, 0
11244_jpg.rf.4758f32ed3f5dfbba068d474821f09ef.jpg, 0, 0, 0, 1
0001848_jpg.rf.476974fc69ce8e48fc82a3e6f7895c60.jpg, 1, 0, 1, 0
11034_jpg.rf.47a2a45ef1a7a0c9f8a5602e167e006a.jpg, 0, 0, 1, 0
00011130_jpg.rf.47986d903965dea85414e8d4302fd69b.jpg, 0, 0, 0, 1
1996_jpg.rf.479455b2b48fece771a490a9a7593b92.jpg, 0, 0, 1, 0
1501_jpg.rf.47c963a19fb62d3e2cab5d71bc91dadf.jpg, 1, 0, 0, 0
11449_jpg.rf.4836d8a3654c176f3aacfd7088c1f5e9.jpg, 0, 0, 1, 0
00011271_jpg.rf.4829d465119ecdc2bef7fdbda389ef5f.jpg, 0, 0, 1, 0
0001139_jpg.rf.47d337ca2a4b8ef178c47e40e2df730a.jpg, 0, 1, 0, 0
0001744_jpg.rf.47b3cc05a15add158d396f3df3772302.jpg, 0, 0, 1, 0
00011304_jpg.rf.4875b1ca5b4ffbc51475acdd63a6f2b4.jpg, 0, 0, 0, 1
0001483_jpg.rf.48d18aac5800194ad899eb18d322b2bc.jpg, 0, 0, 0, 1
0001513_jpg.rf.4870d7fcbbb9199ec39192bc16d934af.jpg, 1, 0, 0, 0
1679_jpg.rf.48fd05d486d6d47d3c242b677c05f03f.jpg, 0, 0, 1, 0
11638_jpg.rf.49252979a1cee118908b281a2702dc5d.jpg, 0, 0, 0, 1
11321_jpg.rf.496fda5b24deb28e6166a488e3f7e5c4.jpg, 0, 0, 0, 1
11754_jpg.rf.4911da3aface5488770409e03d7c87ae.jpg, 0, 0, 0, 1
0001175_jpg.rf.49bde15629f1e403631896f1f8c0cfb3.jpg, 1, 1, 0, 0
00011456_jpg.rf.49471adaabfee0e2254e0a1332074aeb.jpg, 0, 0, 1, 0
1223_jpg.rf.49b2c7bd189dd7a2ac4c552901a80c51.jpg, 0, 0, 1, 0
11575_jpg.rf.49d12a48d9ac995542746592494539a9.jpg, 0, 0, 0, 1
11026_jpg.rf.49e0f1ac9c16c206ad0a0e2eed54f0fb.jpg, 0, 0, 1, 0
00011395_jpg.rf.49f02e6b08445dea581f37484d334935.jpg, 0, 0, 0, 1
00011012_jpg.rf.49e595d4cc7f31184e2bf2560c36240b.jpg, 0, 0, 1, 0
1941_jpg.rf.4a2faaca1a5403cad6ab5c7329beebfa.jpg, 0, 0, 0, 1
1455_jpg.rf.4a02d9aedfe277c4470f6e136926ffcd.jpg, 1, 0, 0, 0
0001197_jpg.rf.4ac35f20fd479b908b6ba981f1f04b4c.jpg, 0, 1, 0, 0
0001852_jpg.rf.4b11525a064fbc9b461782db81a55cf0.jpg, 0, 0, 1, 0
00011293_jpg.rf.4a56a1bb145bd62960ecd3e76a8d5a5a.jpg, 0, 1, 0, 0
1832_jpg.rf.4aa04c0b56757c625f61cb6fc298a721.jpg, 1, 0, 0, 0
00011625_jpg.rf.4b3c77045455e3351eb257c8edb8f3a5.jpg, 0, 0, 1, 0
00011498_jpg.rf.4b317d46ea033a5dce7fc7c4e52277c2.jpg, 0, 0, 1, 0
0001424_jpg.rf.4b4ef35281dbe2c28fcd3b88e4fd9e8f.jpg, 1, 0, 0, 1
00011702_jpg.rf.4b30018dc845c72c4d4fad4ba88d4cdf.jpg, 0, 0, 1, 0
00011731_jpg.rf.4b4f02571d3a8a8b1ed4075f2ecfa5c3.jpg, 0, 0, 1, 0
00011385_jpg.rf.4b54235015e60f801ea4a0c8ab63d3b8.jpg, 1, 0, 0, 0
0001927_jpg.rf.4b78d3490e08ff7d28bcc9164deccc68.jpg, 0, 0, 1, 0
00011383_jpg.rf.4b8ee127b17201812ab3d68d48c19936.jpg, 0, 0, 0, 1
11168_jpg.rf.4b994a2fe0a66b96d4cade36c601940f.jpg, 0, 1, 0, 0
00011379_jpg.rf.4bdf2e61c984871c26e5b5d1586f919f.jpg, 0, 0, 1, 1
0001709_jpg.rf.4beaec528676d29696d29a2a718f5fe3.jpg, 0, 0, 1, 0
00011366_jpg.rf.4c437f88ffd45815ea520a0ec865b60c.jpg, 0, 0, 0, 1
1965_jpg.rf.4c7c9f055a58caa3c3a90f86e515bc79.jpg, 0, 0, 1, 0
00011382_jpg.rf.4c3d63f9d75e980f7db93d1cad2cfb24.jpg, 0, 1, 0, 0
11566_jpg.rf.4d3a01f1e0d1584db3b03f33a5d1d57a.jpg, 0, 0, 1, 0
00011898_jpg.rf.4d57c522beb46c3f3b54471f039ec476.jpg, 0, 1, 1, 0
0001508_jpg.rf.4d58bee3b3f0f38e20be58dbe71e0964.jpg, 0, 0, 1, 0
0001441_jpg.rf.4d6d7670b2a4a14cc3fb20ad0c4cb5bc.jpg, 0, 0, 1, 0
00011924_jpg.rf.4d541f9eac6296d0181ecf1a050bb6c1.jpg, 0, 0, 1, 0
0001745_jpg.rf.4d4ee5c74a73cab2037d330c26713407.jpg, 0, 0, 0, 1
00011919_jpg.rf.4d98dfacb6ac96b46681f9f6b466db27.jpg, 0, 0, 0, 1
0001784_jpg.rf.4de6ccd3394a1f79837b3bdfbc3a0d2d.jpg, 1, 0, 0, 0
0001749_jpg.rf.4def209ef217ae26d09c405228d1a33e.jpg, 0, 0, 1, 0
00011423_jpg.rf.4da2cc4929d3b6b1b30c7941b8082ede.jpg, 0, 0, 1, 0
00011489_jpg.rf.4e05c208a5fb9fa451d82211487a22f1.jpg, 0, 0, 0, 1
1810_jpg.rf.4e2a354b8d140412358f1a4aaf57303d.jpg, 1, 0, 0, 0
00011700_jpg.rf.4e66bb3fdd8bcb0f31877e8acd25906c.jpg, 1, 0, 0, 0
0001826_jpg.rf.4e6b6114dd7416b8bf6a5dfd3b0df28d.jpg, 1, 0, 0, 0
11501_jpg.rf.4e7b4b0861c64b218f723a3b227d5faf.jpg, 0, 0, 1, 0
0001661_jpg.rf.4e7c2c7491806f34acba8a7eb60965dd.jpg, 0, 0, 0, 1
0001774_jpg.rf.4e9ed8f37a344d83eed5299823da4f79.jpg, 0, 0, 0, 1
00011496_jpg.rf.4eab76915a3bb9dc2bef863b715b1a08.jpg, 0, 0, 0, 1
00011268_jpg.rf.4ee4e788ed96c78f364f83a88574c87d.jpg, 0, 0, 0, 1
0001290_jpg.rf.4f4be3d059d78e5da0a4b9636e556bb8.jpg, 1, 0, 0, 1
000165_jpg.rf.4f669e4691c66985b9464571e1910f87.jpg, 1, 0, 0, 1
00011668_jpg.rf.4ebcbfed832e5f2b2bc03e891f893a34.jpg, 1, 0, 0, 0
00011042_jpg.rf.4fe197db8e3b8f9ff47a77b6c981ee66.jpg, 0, 0, 1, 0
11636_jpg.rf.4f7b9ae5fe3174cf8038940e2073427d.jpg, 1, 0, 0, 0
0001915_jpg.rf.4fce7a1aabbe2f32953d123e51dbe75a.jpg, 1, 0, 0, 0
0001764_jpg.rf.4fee97570a6324b87b8c9d1ab71f3c1f.jpg, 0, 0, 1, 0
11294_jpg.rf.501ed52ff3aa997c307bf8bd216a863d.jpg, 0, 0, 0, 1
00011711_jpg.rf.4fef2f527de12ff2b9c68b41db5a7c00.jpg, 0, 0, 0, 1
00011480_jpg.rf.5021a96a33bc36351a1b02f8b40f6588.jpg, 1, 0, 0, 0
00011415_jpg.rf.5046caad0c4792210dd601f56a66be2e.jpg, 1, 0, 0, 0
000189_jpg.rf.5062397e00cc74f731beb26266b6ec56.jpg, 0, 0, 1, 0
11284_jpg.rf.50740c3da3c7ce522022ef79554c367a.jpg, 1, 0, 0, 0
0001786_jpg.rf.506b303f9570a9bfffc6ef5086317484.jpg, 0, 0, 0, 1
0001870_jpg.rf.50e33284278565263dd283a061aa98be.jpg, 1, 0, 0, 0
1280_jpg.rf.512ca56ac31b826fd9817beeb9342188.jpg, 1, 1, 0, 0
11925_jpg.rf.5118798acbe84ac6260c41c406ba6c7b.jpg, 0, 0, 0, 1
00011302_jpg.rf.511afda34277ef09c9f28555d365e49f.jpg, 0, 0, 1, 0
00011423_jpg.rf.511e3cdf58777b54d4b66421492509c3.jpg, 0, 0, 1, 0
00011518_jpg.rf.5170ff86b90d4a0e19cf6f2cc3f839b2.jpg, 0, 0, 0, 1
0001885_jpg.rf.51a3b828f61348c3fb84091eb620d9f7.jpg, 0, 0, 1, 0
11782_jpg.rf.51a93a5fb93b5a815d244336c0a2c1ac.jpg, 1, 0, 0, 0
0001919_jpg.rf.5156d868627077e7bc3f39c0a1666ce3.jpg, 0, 0, 1, 0
0001312_jpg.rf.51fcf42f8fef4717b5a361b9ea11e3b2.jpg, 0, 0, 0, 1
11262_jpg.rf.52343c850adc83a8062df4c64c51a449.jpg, 1, 0, 0, 0
11810_jpg.rf.51b35d34d72820904495b22d1755ddfe.jpg, 1, 0, 0, 0
0001332_jpg.rf.51af6cac327505bc83296a211e5b2756.jpg, 0, 0, 0, 1
00011357_jpg.rf.5295dc60bacace36fed62b1d5c580d9f.jpg, 1, 0, 0, 0
00011150_jpg.rf.524e8d5718835d2bd433af8086f34517.jpg, 0, 0, 0, 1
1912_jpg.rf.5245675f53041f7be977af5ce52dfbe9.jpg, 0, 0, 1, 0
0001656_jpg.rf.525a5e2e0288fc63b88b0f2afa267b2b.jpg, 0, 0, 0, 1
11122_jpg.rf.52a5ff5c280586276e71bccd1c5cdd34.jpg, 0, 1, 0, 0
00011914_jpg.rf.5296f72fb8ceed6d4d5e9a6ac2ed43e7.jpg, 1, 0, 0, 0
00011822_jpg.rf.52a982143b619221824713ba100bc7c5.jpg, 0, 0, 1, 0
11427_jpg.rf.52b175337837a9dacb9e511897722344.jpg, 0, 0, 1, 1
00011350_jpg.rf.52e12e3d2feeffdb294e9919a13cf6bb.jpg, 0, 0, 1, 0
00011187_jpg.rf.52fcc5ee0657e3c656d3c8991025b2cf.jpg, 0, 0, 1, 0
11235_jpg.rf.5320e5abc2ab4a314132fbced338e471.jpg, 0, 0, 1, 1
1271_jpg.rf.52b533698bfa7f008d58947e8049fbbf.jpg, 1, 0, 0, 0
0001105_jpg.rf.53382514a2e632b11043a2a31179dc09.jpg, 0, 0, 1, 0
0001274_jpg.rf.535ebbbc352f6c9c92193d66c4c9e203.jpg, 0, 0, 0, 1
00011197_jpg.rf.53387d3209bc124877bfc0656900b198.jpg, 0, 0, 1, 0
0001796_jpg.rf.535eeff1dd5f6e9574abbc827be4ce2b.jpg, 0, 0, 1, 0
1923_jpg.rf.53981ef653ea5cfee0a4d0b9cdc88a76.jpg, 0, 0, 0, 1
00011453_jpg.rf.5375add8fc3b028c6155b2ce42c92a63.jpg, 0, 1, 0, 0
000144_jpg.rf.5375fb9d362bbe09d19ab90cdd6bba6e.jpg, 1, 0, 1, 0
11750_jpg.rf.53b7d3beb6a4d66a3080daf43325f28d.jpg, 0, 1, 0, 0
00011810_jpg.rf.53c75f3652f6289eebb88f75afef67df.jpg, 0, 0, 1, 0
0001194_jpg.rf.53dbca3ca7dca965b864e50da1948c89.jpg, 1, 0, 0, 0
164_jpg.rf.53edadbae991a7a084f3c46e0ae9a57d.jpg, 1, 0, 0, 0
00011262_jpg.rf.53dcc2787445da5e9124e531c5a2762e.jpg, 0, 0, 1, 0
00011598_jpg.rf.53eeea5c3d1ca73734136f94167f9552.jpg, 0, 0, 1, 0
0001736_jpg.rf.53ff11e4e1051555b757b10746594c89.jpg, 0, 0, 0, 1
00011219_jpg.rf.541d78537b6d40fe53c4d2705d2398c3.jpg, 1, 0, 0, 0
00011057_jpg.rf.54104e49a02d35f01fe27995792d8e07.jpg, 0, 0, 0, 1
00011337_jpg.rf.54288392ea7242b971879cb194197527.jpg, 0, 0, 1, 0
00011448_jpg.rf.547b14020b0b326b970abad834ef6e2d.jpg, 0, 0, 0, 1
0001284_jpg.rf.548b3a243e2074d2e65c6de577b34468.jpg, 0, 0, 0, 1
00011863_jpg.rf.546de0a18820628f3da1a2f584c95936.jpg, 1, 0, 1, 0
0001745_jpg.rf.548dc86bcf223a1ff7cfd3a280ee07f6.jpg, 0, 0, 0, 1
0001719_jpg.rf.5491b2fc209e792b9508467ce6a73102.jpg, 1, 0, 1, 0
11803_jpg.rf.54b44dafc68186ff792521ca9e642436.jpg, 1, 0, 0, 0
0001967_jpg.rf.54eabfac826a536e2ba6c0e3dcaf2586.jpg, 1, 0, 0, 0
00011314_jpg.rf.551488bc90ed840db1171089a63caf95.jpg, 0, 0, 0, 1
11869_jpg.rf.551aeaae08939416379c5f449d843994.jpg, 1, 0, 1, 0
11847_jpg.rf.554e6cfd3ab180d08ba636217ba1ffbd.jpg, 0, 0, 1, 0
11891_jpg.rf.55809658cc46004c246808b442ee410c.jpg, 0, 0, 0, 1
1186_jpg.rf.5646c95c42bc13f3fd84140f4c09aa16.jpg, 0, 0, 1, 0
11545_jpg.rf.55e2c218aa5d3515293cdd4325e1c780.jpg, 0, 0, 1, 0
00011742_jpg.rf.565045298c8ba93f2fd9bccb679a0bfe.jpg, 0, 0, 0, 1
0001678_jpg.rf.56f162ad61d0ccff22b0532f5b77d377.jpg, 0, 0, 1, 0
00011799_jpg.rf.57249e08419679ded6c61137320187ba.jpg, 1, 1, 0, 0
0001629_jpg.rf.5730d9c5fa7fa88fbec39805704840c8.jpg, 0, 0, 1, 0
0001268_jpg.rf.57c2079c8e116d53931614e56ccaa4d7.jpg, 0, 0, 0, 1
0001392_jpg.rf.57f1e2ae7017cae71c4d377192226540.jpg, 1, 0, 0, 0
00011091_jpg.rf.5857252653cdf025427c6df7a46e76f7.jpg, 0, 0, 1, 0
11015_jpg.rf.585ced4881596867bcddea2831afed5e.jpg, 0, 1, 0, 0
1112_jpg.rf.585f044d6d4c81965c6a61d0acefd5e3.jpg, 0, 0, 1, 0
0001269_jpg.rf.58a0c05e102f2d58fb4dca8a01e06078.jpg, 0, 0, 0, 1
11450_jpg.rf.587b64a58010c7e758b77268ec954046.jpg, 1, 0, 0, 0
0001687_jpg.rf.58bfb5bab519c44f71848b6c83dbdcc9.jpg, 0, 0, 1, 0
00011444_jpg.rf.58d0827034f8fd1a9ba8d25dffd5ad71.jpg, 0, 1, 0, 0
0001941_jpg.rf.58e1247f948a4ce6bb19ad820d2bffa2.jpg, 0, 0, 1, 0
00011465_jpg.rf.58e78b4701595bbf2ade3f16e773195d.jpg, 0, 0, 0, 1
00011001_jpg.rf.59a0e9096f6a73eaae7629237561e91b.jpg, 0, 1, 0, 0
00011735_jpg.rf.5931aff70cbe59756bd8d42aee6d98ba.jpg, 0, 0, 0, 1
00011927_jpg.rf.59520c8c68f16b512b6f90a3535cb46c.jpg, 0, 0, 0, 1
00011822_jpg.rf.5975ec23077189c7778a190240934413.jpg, 1, 0, 1, 0
0001537_jpg.rf.596291a4b256474d685881804bdad335.jpg, 0, 0, 1, 0
11794_jpg.rf.592fc08c0b9a557086813201d60fabd8.jpg, 0, 0, 1, 0
00011921_jpg.rf.5a1186bb50f73acaa8ef4d7e3fec1d7f.jpg, 0, 0, 0, 1
00011446_jpg.rf.59c85ffd213efef7e74b48bda3fe44df.jpg, 1, 0, 0, 0
11259_jpg.rf.5a2c919aa0e2508984117936ab375fb3.jpg, 1, 0, 0, 1
0001699_jpg.rf.5a9df681e1d9817eb229254a389328b9.jpg, 0, 0, 0, 1
0001922_jpg.rf.5a685cebf6aeb7e30fe5004dec056d1b.jpg, 0, 1, 0, 0
0001897_jpg.rf.5aa0e0bde1241aaa631fdb27175760d7.jpg, 1, 0, 0, 0
0001850_jpg.rf.5abe61b7a34dfe083bf2393cdd9e8cf3.jpg, 0, 0, 1, 0
0001424_jpg.rf.5adc2d22eb47414c41f5b1bdc424415b.jpg, 1, 0, 0, 1
1312_jpg.rf.5acdb7bf6638b215d35637a5cbcf96f0.jpg, 1, 0, 0, 0
00011502_jpg.rf.5ac3342d00a8d8b45c309084b724044e.jpg, 1, 0, 1, 0
00011594_jpg.rf.5b241031bb6b4f62fcc584a22466269d.jpg, 0, 0, 0, 1
00011340_jpg.rf.5af17a3e828072dd96a829e12f4375e9.jpg, 0, 0, 1, 0
0001679_jpg.rf.5b0fbe2d98bafcd1f00aaf95f7edb187.jpg, 0, 0, 1, 0
1748_jpg.rf.5b166cda44d9d3cdcadd7ca2b4e59cc3.jpg, 0, 0, 1, 0
00011724_jpg.rf.5b54879ed0cd81818de4c4545042ae7c.jpg, 1, 0, 1, 0
000183_jpg.rf.5b68a38774d2487025f04267b71f24e7.jpg, 1, 0, 0, 0
00011050_jpg.rf.5b47997de1e1bfb2fa01428b1ed6b3bd.jpg, 0, 0, 1, 0
1628_jpg.rf.5b6f1f278887c2895d05e4cbf4927d20.jpg, 1, 0, 0, 0
1368_jpg.rf.5b8669fa4ac062f947b00665a2010f9d.jpg, 1, 0, 0, 0
179_jpg.rf.5b9c2f7a380ef5d32c102ebe646b3513.jpg, 0, 0, 1, 0
0001366_jpg.rf.5b83f751148af4fc1db6f55bf7561504.jpg, 1, 0, 0, 0
0001444_jpg.rf.5b95ae35a713effe5739ce78fddfc135.jpg, 0, 0, 0, 1
0001558_jpg.rf.5ba97c405dc84cc3b0015777776dbd70.jpg, 0, 0, 1, 0
11312_jpg.rf.5bcd7ec3105265bba543587d8c3f73f8.jpg, 0, 0, 0, 1
1262_jpg.rf.5c2a112185d1cb364c26a3330b0d8f05.jpg, 1, 0, 0, 1
1994_jpg.rf.5c411112b6cf0ecc6c956e558301a8e6.jpg, 0, 0, 1, 0
0001679_jpg.rf.5bf02d9f742519cc5a20803555bb161d.jpg, 1, 0, 0, 0
11373_jpg.rf.5c3b101a51538d9243825b4b3940590f.jpg, 1, 0, 0, 0
00011673_jpg.rf.5ba227c995581476d49e18f330afe51c.jpg, 0, 0, 0, 1
11490_jpg.rf.5c67e95abd6e7ba6d102e85f6e2aa62a.jpg, 0, 0, 1, 0
00011120_jpg.rf.5d184c3088e931317164806a6b0510e7.jpg, 0, 0, 0, 1
11719_jpg.rf.5ced3e34b36af4b1922e56679e66732f.jpg, 1, 0, 0, 1
0001527_jpg.rf.5cc3fabd066ad4a983d7cb2eae7df9e0.jpg, 0, 0, 0, 1
11483_jpg.rf.5d2bc9f7b6d95b4f4accb3a7ddb40877.jpg, 0, 0, 0, 1
00011494_jpg.rf.5d9ba6751c7ef91618af69f621f86a41.jpg, 0, 0, 0, 1
00011540_jpg.rf.5d6fec15c56d8d06dff654719ccc56df.jpg, 1, 0, 0, 0
11908_jpg.rf.5db102a897b6848e04d00d9a47273ae9.jpg, 0, 0, 0, 1
00011553_jpg.rf.5d9ec0345483afb402845912a00d06be.jpg, 0, 1, 0, 0
11128_jpg.rf.5debaab4c6bc7d89af3dc67ed5b308d7.jpg, 0, 1, 1, 0
00011175_jpg.rf.5dead20c00616729aaf856a789d0d0e3.jpg, 1, 0, 0, 1
000115_jpg.rf.5e06a10d6955697b6edb4d2b563154db.jpg, 0, 0, 0, 1
0001695_jpg.rf.5e575f1a151dba4852b4a6e5cb4a7010.jpg, 0, 0, 1, 0
00011165_jpg.rf.5dec6f77e19002dc70b8c9e4c90f734d.jpg, 0, 0, 0, 1
0001542_jpg.rf.5ed71199e11959c912b05fa56062f9b7.jpg, 1, 0, 0, 0
00011266_jpg.rf.5e69e2d667acccde006032587e64c79b.jpg, 0, 0, 0, 1
00011026_jpg.rf.5e6ac3426198f8018f756ea8c612427f.jpg, 0, 0, 0, 1
11708_jpg.rf.5ee53a46c15959cc025d3e4d78553824.jpg, 1, 0, 0, 0
0001838_jpg.rf.5f17381372a878c2d42644defd4f966c.jpg, 1, 0, 0, 0
11568_jpg.rf.5ee79053907aaf5a9205d9b3cd68e878.jpg, 0, 0, 0, 1
0001659_jpg.rf.5f201b6afafce07eaa57924c9ec8ceba.jpg, 0, 0, 1, 0
0001246_jpg.rf.5fa66e8b632bf23c066d6389be1e8aac.jpg, 1, 0, 0, 0
00011413_jpg.rf.5f33b72f13b1eb93a65b96df1749f706.jpg, 1, 0, 0, 0
0001318_jpg.rf.5f5c89bd92ff5ac4745eb36996b0c2fc.jpg, 1, 0, 0, 0
0001221_jpg.rf.5f80acf3d33c72d189b98f907bad7d1a.jpg, 0, 1, 0, 0
1610_jpg.rf.600a8d40e8ed0b5bd767e84b7618b44f.jpg, 1, 0, 0, 0
0001494_jpg.rf.60399a15003eec393719ef1b8b511e0a.jpg, 0, 0, 1, 0
000118_jpg.rf.5fc0c46751314aec41dabd05d31851c3.jpg, 0, 1, 0, 0
11_jpg.rf.608d91afd1029058c2fbc4fae4543e02.jpg, 1, 0, 0, 0
00011647_jpg.rf.5fc2bf64cdc454d43bf1af8e893ebf81.jpg, 0, 0, 1, 0
0001761_jpg.rf.604519c6f6339ec60db55ab9a769796c.jpg, 0, 0, 0, 1
11231_jpg.rf.607e7c843779e7beab349fce333eac85.jpg, 0, 0, 0, 1
1182_jpg.rf.6054f3507191d960a3c21fe3160f74a4.jpg, 1, 0, 0, 0
0001842_jpg.rf.60a2a35e1e9da89ba8da711e8c0e1b10.jpg, 1, 0, 0, 0
0001619_jpg.rf.60c69d1134490554367d3f5bb9623227.jpg, 0, 0, 1, 0
00011215_jpg.rf.611f8dfc41bdc32ea271885861391bbf.jpg, 0, 0, 0, 1